timestamp,accel_x,accel_y,accel_z
389,0.75,2.48,0.61
413,11.06,15.07,11.01
436,9.04,-4.67,8.71
460,-12.63,-12.55,13.05
483,-6.67,9.40,9.51
507,13.48,13.59,12.67
530,2.70,-9.61,9.18
554,-15.28,-8.49,12.16
577,0.69,13.40,9.82
601,14.73,8.54,12.04
624,-4.93,-12.86,11.30
648,-14.89,-2.81,10.20
671,8.49,15.52,10.80
695,13.28,1.82,9.97
718,-11.78,-13.35,13.10
742,-7.19,8.89,9.45
765,13.63,13.86,12.72
789,2.11,-9.94,9.12
812,-15.64,-8.40,12.09
836,2.58,14.04,9.91
859,14.60,7.52,11.77
883,-5.74,-13.13,11.58
906,-14.47,-2.40,10.28
930,7.71,15.00,10.71
953,13.62,3.34,10.49
977,-9.19,-13.35,12.57
1000,-12.95,0.47,9.56
1024,10.61,15.05,11.60
1047,12.15,0.34,9.62
1071,-11.30,-12.86,12.97
1095,-11.73,3.06,9.38
1118,11.45,14.63,12.00
1142,11.10,-1.29,9.25
1165,-12.67,-12.56,13.12
1189,-10.21,5.62,9.25
1212,13.31,13.57,12.77
1236,7.42,-5.86,8.44
1259,-15.40,-8.66,12.33
1283,-3.72,11.31,9.63
1306,14.59,7.67,11.91
1330,-1.09,-11.22,9.84
1353,-14.25,-1.50,10.05
1377,4.52,14.60,10.03
1400,12.54,1.08,9.70
1424,-8.27,-13.56,12.17
1447,-10.77,4.76,9.31
1471,10.85,15.48,11.52
1494,8.07,-5.00,8.35
1518,-13.87,-12.58,13.35
1541,-3.66,11.11,9.59
1565,14.55,12.04,12.89
1588,-3.34,-12.57,10.08
1612,-15.29,-3.59,10.68
1635,10.62,16.14,11.16
1659,11.74,-0.73,8.93
1683,-15.16,-11.78,13.51
1706,-6.05,9.46,9.27
1730,14.98,9.36,12.48
1753,-1.64,-11.45,9.31
1777,-13.91,-0.47,9.84
1800,12.19,15.74,11.91
1824,10.45,-2.00,8.63
1847,-14.92,-11.48,13.36
1871,-6.26,9.03,9.33
1894,14.63,10.33,12.79
1918,0.90,-10.16,8.66
1941,-14.75,-3.66,10.78
1962,-57.80,-0.92,24.52
1982,-57.80,-0.92,24.52
2002,-57.80,-0.92,24.52
2022,-57.80,-0.92,24.52
2046,7.16,-5.55,8.05
2069,-15.38,-8.98,12.75
2093,-3.28,11.13,9.51
2117,14.33,8.09,12.19
2140,-1.33,-11.08,9.20
2164,-13.99,-2.16,10.35
2187,5.15,14.84,10.02
2211,11.99,1.02,9.58
2234,-8.88,-13.46,12.03
2258,-10.10,4.59,9.28
2281,11.12,15.67,11.58
2305,7.63,-4.92,8.17
2328,-13.42,-12.84,13.46
2352,-4.73,10.25,9.44
2375,14.02,13.17,13.19
2399,0.03,-10.22,8.65
2422,-15.40,-8.03,12.48
2446,3.95,14.13,9.84
2469,14.09,7.14,11.79
2493,-8.51,-13.66,11.62
2516,-10.24,4.63,9.22
2540,11.75,15.27,11.81
2563,7.27,-4.86,7.94
2587,-13.48,-12.71,13.45
2610,-4.94,9.63,9.44
2634,13.48,13.68,13.05
2657,2.36,-8.91,8.12
2681,-14.68,-10.26,13.16
2704,-0.82,12.34,9.63
2728,13.82,11.10,13.13
2752,-1.24,-10.83,9.02
2775,-14.58,-7.53,12.41
2799,1.03,12.69,9.74
2822,13.41,10.35,12.93
2846,-0.59,-10.68,9.06
2869,-14.19,-8.73,12.71
2893,-0.25,12.28,9.69
2916,13.31,11.26,13.07
2940,0.41,-10.02,8.78
2963,-14.14,-9.58,12.93
2987,-1.50,11.76,9.64
3010,13.10,11.96,13.15
3034,2.14,-8.78,8.44
3057,-13.52,-10.84,13.24
3081,-4.10,9.81,9.66
3104,12.21,13.39,12.77
3128,5.83,-5.92,8.34
3151,-11.13,-12.56,13.08
3175,-8.55,5.68,9.51
3198,8.71,14.58,11.02
3222,10.18,-0.56,9.51
3245,-5.87,-12.48,11.17
3269,-11.99,-0.47,10.09
3292,1.80,13.03,9.83
3316,12.60,6.39,11.85
3339,1.92,-9.09,8.78
3363,-13.32,-7.51,12.33
3387,-6.03,8.02,9.61
3410,11.86,12.59,12.90
3434,8.99,-2.20,9.09
3457,-11.04,-12.89,13.04
3481,-10.97,1.64,9.71
3505,8.71,14.40,11.04
3528,10.25,-0.43,9.58
3552,-6.10,-12.53,11.14
3575,-11.85,-0.13,10.11
3599,2.07,12.98,9.84
3622,12.56,6.05,11.81
3646,1.36,-9.20,8.77
3669,-13.28,-7.26,12.25
3693,-5.39,8.28,9.61
3716,12.45,12.37,13.05
3740,3.48,-7.93,8.36
3763,-12.91,-11.98,13.35
3787,-5.00,9.33,9.44
3810,12.50,13.66,12.75
3834,5.33,-6.10,8.09
3857,-12.51,-12.84,13.37
3881,-6.60,7.78,9.41
3904,11.50,14.37,12.12
3928,7.29,-4.13,8.33
3951,-11.28,-13.11,12.92
3975,-8.10,6.02,9.33
3998,10.86,14.99,11.61
4022,8.18,-3.14,8.52
4045,-10.75,-13.42,12.64
4069,-8.65,5.28,9.37
4093,10.56,15.09,11.39
4116,8.49,-2.60,8.53
4140,-10.84,-13.41,12.61
4163,-8.49,5.37,9.36
4187,10.76,14.90,11.51
4210,8.52,-2.59,8.60
4234,-10.52,-13.59,12.50
4257,-8.84,5.02,9.35
4281,10.48,15.11,11.37
4304,8.69,-2.27,8.60
4328,-10.48,-13.35,12.39
4351,-8.79,4.59,9.39
4375,10.58,15.15,11.40
4398,8.62,-2.22,8.55
4422,-10.28,-13.30,12.31
4445,-9.23,4.19,9.42
4469,9.67,14.73,11.08
4492,9.46,-0.88,9.00
4516,-8.94,-13.17,11.64
4539,-10.20,2.63,9.60
4563,8.11,14.62,10.57
4586,10.55,0.73,9.69
4610,-6.83,-12.74,10.73
4633,-11.53,0.24,10.15
4657,4.32,13.71,9.92
4680,12.15,4.22,11.24
4704,-7.02,-12.70,10.83
4728,-13.12,-4.23,11.56
4751,3.18,12.98,9.83
4775,12.48,9.97,13.14
4799,1.52,-8.71,8.32
4822,-12.12,-11.42,13.34
4846,-6.65,6.79,9.52
4869,9.02,14.12,11.22
4893,9.90,0.07,9.76
4916,-4.95,-12.33,10.23
4940,-12.08,-2.01,10.68
4963,1.32,12.63,9.72
4987,12.62,7.14,12.37
5010,-3.87,-11.67,9.52
5034,-13.49,-7.35,12.60
5057,0.43,11.78,9.72
5081,12.66,11.78,13.33
5104,2.72,-7.73,7.97
5128,-12.40,-12.12,13.42
5151,-6.28,7.27,9.43
5175,10.69,14.05,11.79
5198,8.64,-1.41,8.98
5222,-7.16,-12.73,11.07
5245,-11.27,-0.29,10.28
5269,3.67,13.52,9.89
5292,12.06,5.41,11.76
5316,-0.53,-10.05,8.38
5339,-13.28,-6.42,12.34
5363,-3.01,9.76,9.50
5386,12.64,11.12,13.32
5410,5.86,-4.82,8.09
5433,-12.73,-11.48,13.48
5457,-8.85,4.00,9.47
5481,11.27,13.97,12.09
5505,7.92,-2.32,8.67
5528,-8.37,-13.02,11.48
5552,-10.42,0.97,9.96
5575,4.87,14.33,9.98
5599,11.74,4.35,11.52
5622,-1.25,-10.45,8.46
5646,-13.08,-5.86,12.22
5669,-3.12,9.65,9.50
5693,12.48,11.46,13.32
5716,6.45,-4.09,8.24
5740,-12.44,-11.97,13.43
5763,-9.26,3.12,9.58
5787,10.74,14.54,11.76
5810,10.93,2.62,10.70
5834,-7.01,-12.60,10.79
5857,-12.76,-5.30,11.95
5881,2.85,13.18,9.78
5904,12.70,10.33,13.34
5928,0.39,-9.18,7.98
5951,-13.21,-10.85,13.55
5975,-4.15,8.83,9.41
5998,11.87,13.77,12.50
6022,6.90,-3.46,8.32
6045,-9.51,-13.05,12.00
6069,-9.69,2.21,9.78
6092,6.64,14.22,10.21
6116,11.15,3.18,10.83
6139,-2.60,-10.73,8.75
6163,-12.88,-5.39,12.10
6187,-2.87,9.89,9.47
6210,12.39,11.27,13.46
6234,2.68,-7.50,7.76
6257,-23.92,-24.78,26.65
6280,-9.99,1.75,9.86
6304,8.78,14.37,10.94
6328,10.05,0.92,10.17
6351,-3.98,-11.52,9.35
6375,-12.41,-3.90,11.56
6398,-0.75,11.12,9.55
6422,12.51,9.69,13.33
6445,4.32,-5.90,7.76
6469,-12.97,-10.92,13.58
6492,-8.08,4.44,9.48
6516,11.39,13.77,12.19
6539,10.48,2.00,10.46
6563,-8.24,-12.80,11.16
6587,-12.46,-3.87,11.64
6610,4.17,13.23,9.85
6634,12.53,9.86,13.37
6657,0.03,-9.21,7.84
6681,-12.75,-11.15,13.59
6704,-5.02,7.56,9.44
6728,10.74,14.08,11.79
6751,8.66,-0.83,9.27
6775,-5.85,-12.29,10.17
6798,-11.76,-2.43,11.13
6822,-0.04,11.45,9.63
6845,12.34,9.31,13.28
6869,4.25,-5.84,7.69
6892,-12.62,-11.05,13.56
6916,-8.76,3.39,9.64
6939,9.60,13.73,11.35
6963,11.37,5.16,11.95
6986,-2.63,-10.83,8.97
7010,-12.39,-6.07,12.40
7033,-4.75,8.25,9.49
7057,11.71,12.62,13.04
7080,8.97,-0.33,9.56
7104,-8.80,-12.64,11.68
7128,-10.35,0.54,10.18
7151,2.46,12.22,9.89
7175,11.92,8.01,12.92
7198,3.98,-6.22,7.83
7222,-12.06,-11.25,13.46
7245,-9.10,2.33,9.76
7269,9.54,13.93,11.27
7293,11.37,5.08,11.95
7316,-4.01,-11.44,9.15
7340,-12.92,-8.57,13.24
7363,-1.91,10.14,9.51
7387,11.89,13.30,12.84
7410,6.49,-3.44,8.33
7434,-8.04,-12.44,11.22
7457,-10.83,-0.63,10.58
7481,0.55,11.56,9.78
7504,11.83,9.42,13.38
7528,6.11,-4.06,8.27
7551,-10.57,-12.18,12.87
7575,-10.95,-1.06,10.64
7598,5.36,13.26,10.18
7622,11.93,9.47,13.37
7645,1.48,-8.42,7.74
7669,-11.63,-12.04,13.28
7692,-7.19,5.35,9.49
7716,8.09,13.69,10.76
7739,10.48,2.65,10.89
7763,-2.17,-10.39,8.30
7786,-12.77,-6.61,12.67
7810,-4.01,8.36,9.50
7833,11.80,12.47,13.20
7857,8.96,-0.09,9.75
7880,-7.74,-12.54,11.11
7904,-12.19,-5.15,12.20
7928,0.03,11.22,9.75
7951,11.65,12.32,13.09
7975,6.13,-3.92,8.24
7998,-8.40,-12.67,11.26
8022,-10.47,-0.17,10.42
8045,2.72,12.55,9.81
8069,11.98,7.44,12.99
8092,2.56,-7.11,7.44
8116,-12.82,-10.36,13.61
8139,-7.91,4.12,9.58
8163,9.87,13.90,11.45
8186,11.14,4.75,12.06
8210,-2.31,-10.43,8.53
8233,-12.33,-6.74,12.75
8257,-5.55,6.83,9.55
8280,10.43,12.87,12.31
8304,8.98,-0.09,9.79
8328,-1.51,-10.09,8.68
8351,-11.84,-7.88,12.99
8375,-7.99,3.93,9.67
8398,6.94,13.25,10.97
8422,11.24,7.99,13.06
8445,3.18,-6.95,7.80
8469,-8.84,-12.21,12.12
8492,-10.24,0.06,10.45
8516,-0.81,10.59,10.03
8539,11.28,10.53,13.46
8563,8.31,-1.24,9.30
8586,-6.81,-12.10,10.95
8610,-11.99,-6.34,12.53
8633,-1.72,10.23,9.80
8657,10.78,12.73,12.68
8681,8.25,-0.83,9.30
8704,-2.91,-10.89,9.10
8728,-12.03,-6.66,12.62
8751,-6.04,6.43,9.59
8775,10.28,13.02,12.27
8798,10.59,3.73,11.54
8822,-2.25,-10.52,8.72
8845,-11.54,-10.19,13.35
8869,-6.97,5.43,9.34
8892,5.18,12.79,10.46
8916,11.06,6.01,12.56
8939,4.86,-5.23,7.90
8963,-9.83,-11.85,12.78
8986,-11.14,-2.36,11.16
9010,0.76,11.65,10.06
9033,10.83,11.55,13.07
9057,7.59,-2.04,8.85
9080,-3.80,-11.20,9.46
9104,-11.88,-5.78,12.39
9127,-5.71,7.15,9.60
9151,10.40,12.83,12.36
9174,10.41,3.26,11.37
9198,-2.48,-10.38,8.76
9221,-11.47,-10.33,13.38
9245,-6.94,5.43,9.53
9268,5.67,13.15,10.51
9292,11.03,5.45,12.28
9316,2.91,-6.99,7.53
9339,-11.83,-10.94,13.49
9363,-9.04,1.92,9.93
9386,7.98,14.00,10.86
9410,11.38,6.93,13.05
9433,0.35,-8.83,7.70
9457,-11.38,-11.79,13.32
9480,-7.27,4.30,9.55
9504,9.87,13.81,11.66
9528,10.95,4.89,12.21
9551,-1.81,-10.24,8.19
9575,-12.32,-7.33,13.02
9598,-6.00,6.52,9.48
9622,10.86,13.22,12.35
9645,10.39,2.96,11.36
9669,-4.35,-11.05,8.99
9692,-12.48,-9.00,13.40
9716,-3.35,8.73,9.48
9739,10.74,13.24,12.08
9763,8.62,-0.05,9.73
9786,-4.02,-11.15,8.77
9810,-12.18,-5.51,12.51
9833,-4.09,8.28,9.45
9857,11.35,12.00,13.04
9880,9.69,1.78,10.65
9904,-5.30,-11.73,9.51
9927,-12.22,-8.17,13.29
9951,-3.30,8.83,9.53
9974,10.48,13.17,12.03
9998,8.67,0.13,9.84
10022,-3.89,-10.95,8.53
10045,-12.16,-5.71,12.65
10069,-4.31,7.95,9.45
10092,11.58,12.50,12.98
10116,9.41,1.34,10.48
10139,-6.47,-11.80,9.88
10163,-12.38,-7.28,13.12
10186,-1.28,10.13,9.58
10210,11.64,13.05,12.81
10233,7.14,-1.86,8.88
10257,-5.46,-11.65,9.38
10281,-11.81,-4.49,12.14
10304,1.68,11.82,9.77
10328,12.01,11.84,13.54
10351,5.00,-4.55,7.85
10375,-8.84,-12.63,11.13
10398,-10.30,-0.53,10.74
10422,2.02,11.88,9.73
10445,11.84,8.87,13.65
10469,4.63,-4.82,7.74
10492,-11.71,-12.13,13.24
10516,-10.00,0.02,10.62
10539,7.32,12.95,10.41
10563,11.76,8.78,13.53
10586,0.96,-8.08,7.23
10610,-11.10,-12.02,12.93
10633,-8.15,2.78,9.83
10657,4.25,12.67,10.02
10681,11.37,7.27,13.24
10704,0.30,-8.57,7.24
10728,-11.46,-11.96,13.24
10751,-7.75,3.62,9.70
10775,4.89,12.55,10.19
10798,11.29,6.49,13.09
10822,3.74,-5.42,7.45
10845,-11.11,-11.63,13.14
10869,-10.43,-1.09,10.96
10892,3.83,12.22,10.05
10916,11.57,10.74,13.59
10939,5.23,-4.25,7.86
10963,-7.13,-12.07,10.40
10986,-11.16,-2.92,11.71
11010,-3.03,8.96,9.68
11033,11.28,11.98,13.07
11057,9.49,1.67,10.77
11081,-4.73,-11.06,8.97
11104,-11.89,-5.43,12.67
11128,-4.19,7.61,9.56
11151,11.28,12.63,12.79
11175,9.75,2.28,11.12
11198,-4.72,-11.26,8.73
11222,-12.30,-8.94,13.68
11245,-3.62,8.13,9.53
11269,10.17,13.29,11.59
11293,9.23,1.38,10.61
11316,-2.27,-10.08,7.52
11340,-12.40,-7.73,13.39
11363,-5.55,6.23,9.51
11387,11.11,13.08,12.21
11410,10.34,3.64,11.89
11434,-3.77,-10.67,8.07
11457,-12.35,-10.00,13.80
11481,-4.47,7.16,9.50
11505,11.74,12.77,12.81
11528,9.62,2.24,11.11
11552,-5.72,-11.61,8.86
11575,-12.49,-8.37,13.66
11599,-2.52,8.83,9.54
11622,10.59,13.32,11.80
11646,8.99,0.84,10.50
11669,-2.35,-9.93,7.49
11693,-12.37,-7.88,13.52
11716,-5.89,5.55,9.58
11740,10.84,13.02,11.98
11763,10.56,4.70,12.31
11787,-2.56,-10.15,7.58
11810,-12.16,-7.68,13.50
11834,-6.20,5.16,9.56
11857,10.42,12.95,11.82
11881,10.70,5.46,12.61
11905,-1.64,-9.57,7.31
11928,-11.74,-11.25,13.54
11952,-6.79,4.22,9.67
11975,6.08,12.76,10.27
11999,10.99,6.12,13.09
12022,3.50,-5.47,7.30
12046,-10.97,-11.98,13.03
12069,-10.51,-1.72,11.29
12093,4.16,12.36,9.96
12116,11.80,10.72,13.78
12140,4.55,-4.50,7.61
12163,-8.26,-12.30,10.51
12187,-10.75,-2.12,11.57
12210,-1.16,9.95,9.66
12234,11.73,11.09,13.57
12257,8.47,0.34,10.08
12281,-6.32,-11.51,9.35
12305,-11.53,-4.41,12.49
12328,-3.26,8.17,9.54
12352,11.52,12.33,13.01
12375,9.57,2.44,11.31
12399,-4.11,-10.88,8.17
12422,-12.00,-9.82,13.80
12446,-5.59,5.86,9.57
12469,6.95,12.73,10.53
12493,10.72,5.48,12.79
12516,2.95,-6.00,7.07
12540,-11.29,-11.65,13.22
12564,-10.20,-1.24,11.15
12587,4.21,11.70,10.04
12611,11.52,10.99,13.70
12634,5.66,-3.45,8.11
12658,-6.04,-11.54,9.29
12682,-11.57,-4.68,12.63
12705,-0.01,10.30,9.73
12729,11.27,12.40,12.71
12752,7.86,-0.41,9.59
12776,-3.45,-10.46,7.66
12799,-12.11,-7.32,13.54
12823,-5.69,5.51,9.59
12846,10.54,12.85,11.84
12870,10.63,5.48,12.80
12893,-1.02,-9.09,7.04
12917,-12.03,-9.31,13.89
12940,-7.94,2.51,10.00
12964,7.89,12.85,10.67
12987,11.25,8.32,13.86
13011,2.53,-6.28,6.99
13034,-8.93,-12.07,11.32
13058,-10.33,-1.65,11.39
13081,-1.35,9.62,9.73
13105,11.50,11.28,13.44
13129,6.61,-2.04,8.67
13152,-4.56,-10.91,8.33
13176,-11.86,-6.51,13.34
13199,-5.45,5.80,9.65
13223,10.24,12.88,11.81
13247,10.67,5.78,13.04
13270,0.34,-8.04,6.89
13294,-10.04,-11.86,12.39
13317,-9.52,-0.25,10.79
13341,-0.07,10.20,9.88
13364,11.30,10.89,13.64
13388,8.70,0.82,10.31
13411,-4.53,-10.81,8.49
13435,-11.74,-9.90,13.85
13458,-6.02,4.96,9.69
13482,5.87,12.29,10.35
13505,10.88,6.90,13.37
13529,4.65,-4.39,7.58
13552,-9.89,-12.12,12.04
13576,-11.26,-4.15,12.50
13599,0.00,10.23,9.88
13623,10.88,12.24,12.48
13646,8.64,1.09,10.46
13670,0.16,-8.21,7.01
13693,-11.38,-10.74,13.66
13717,-9.70,-0.62,10.99
13740,3.08,11.57,10.18
13764,11.03,10.92,13.24
13787,7.73,-0.66,9.42
13811,-1.51,-9.46,7.39
13834,-11.47,-9.21,13.85
13858,-8.95,0.79,10.54
13882,4.66,11.82,10.32
13906,10.90,7.94,13.62
13929,6.22,-2.66,8.31
13953,-7.92,-11.89,10.64
13976,-11.71,-6.69,13.43
14000,-2.77,8.35,9.82
14023,8.85,12.50,11.22
14047,10.06,4.34,12.26
14070,-0.50,-8.92,7.04
14094,-10.05,-11.60,12.77
14117,-9.37,0.09,10.76
14141,0.10,10.16,9.93
14164,11.31,10.82,13.67
14188,8.60,0.91,10.34
14211,-4.75,-11.05,8.36
14235,-11.64,-9.64,13.97
14258,-6.17,4.86,9.75
14282,5.07,11.95,10.26
14305,10.88,7.65,13.62
14329,5.67,-2.95,8.05
14352,-8.54,-12.04,11.01
14376,-11.65,-6.23,13.28
14399,-2.00,8.77,9.75
14423,9.60,12.73,11.49
14446,9.69,3.09,11.77
14470,1.63,-6.95,6.74
14493,-11.07,-11.23,13.43
14517,-10.19,-1.79,11.47
14541,2.48,10.82,9.94
14564,11.03,11.61,13.09
14588,7.97,-0.27,9.74
14611,-1.21,-9.07,7.06
14635,-11.55,-9.60,13.94
14658,-8.97,0.55,10.67
14682,4.78,11.89,10.16
14706,10.91,8.02,13.76
14729,6.25,-2.41,8.42
14753,-7.01,-11.36,10.10
14776,-11.67,-8.22,13.77
14800,-4.91,5.89,9.83
14823,5.67,12.35,10.37
14847,10.76,7.35,13.56
14870,6.51,-2.33,8.52
14894,-6.29,-11.12,9.70
14917,-11.57,-8.81,13.84
14941,-5.97,5.14,9.86
14964,4.31,11.54,10.20
14988,10.84,8.25,13.73
15011,7.46,-0.88,9.17
15035,-5.03,-10.91,8.87
15058,-11.38,-9.87,13.93
15082,-6.86,3.90,9.98
15106,7.20,12.42,10.67
15129,11.03,8.97,13.86
15153,4.95,-3.80,7.64
15176,-5.22,-10.96,8.81
15200,-11.53,-6.37,13.40
15223,-6.42,4.45,9.91
15247,7.75,12.29,10.81
15271,10.90,8.46,13.90
15294,4.92,-3.66,7.61
15318,-7.98,-11.62,11.02
15341,-11.39,-7.15,13.59
15365,-4.70,6.45,9.86
15388,5.54,11.56,10.40
15412,10.62,7.86,13.57
15435,7.19,-1.36,8.95
15459,-4.68,-10.62,8.94
15482,-11.13,-10.06,13.85
15506,-7.77,2.38,10.20
15529,0.85,10.55,10.07
15553,10.84,10.36,13.38
15576,9.37,2.15,11.10
15600,-0.95,-8.80,7.19
15623,-9.76,-11.54,12.60
15647,-9.76,-1.01,11.26
15670,-1.71,9.09,9.90
15694,10.86,11.44,12.87
15717,9.87,3.77,12.04
15741,-0.50,-8.52,6.76
15764,-9.79,-11.56,12.47
15788,-9.67,-0.90,11.31
15811,-1.23,9.20,9.86
15835,11.10,11.26,13.12
15859,9.63,3.35,11.80
15882,-1.16,-8.88,6.88
15906,-10.19,-11.68,12.73
15929,-9.39,-0.29,11.08
15953,-1.04,9.48,9.90
15976,10.92,11.01,13.02
16000,9.82,3.86,12.12
16023,0.01,-8.09,6.74
16047,-9.07,-11.60,11.92
16070,-10.35,-2.40,11.85
16094,-3.39,7.55,9.86
16117,9.81,12.04,11.92
16141,10.48,6.41,13.30
16164,3.38,-5.31,7.08
16188,-6.05,-11.17,9.51
16211,-11.31,-6.25,13.38
16234,-9.19,0.06,10.97
16257,2.61,10.93,10.14
16281,10.62,11.24,12.73
16304,8.61,1.27,10.51
16328,-1.76,-9.17,7.35
16351,-9.83,-11.63,12.84
16375,-9.81,-1.17,11.42
16398,-3.24,7.92,9.95
16422,9.72,11.55,11.79
16445,10.48,6.75,13.25
16469,3.76,-4.88,7.15
16493,-5.29,-10.88,9.14
16516,-11.36,-7.09,13.69
16540,-7.78,2.28,10.27
16563,4.11,11.25,10.31
16587,10.63,10.58,12.98
16610,8.38,0.74,10.09
16634,1.43,-6.96,6.84
16657,-9.80,-11.40,12.92
16681,-11.06,-5.02,12.99
16704,-3.45,7.84,9.92
16728,6.10,11.66,10.56
16751,10.58,7.12,13.45
16775,7.50,-0.63,9.26
16798,-3.54,-9.89,8.22
16822,-10.30,-10.82,13.52
16845,-9.29,-0.21,11.00
16869,-2.59,8.42,9.96
16892,9.56,11.22,11.86
16916,10.42,6.81,13.30
16939,4.96,-3.81,7.60
16963,-3.27,-10.02,8.35
16986,-11.10,-8.83,14.05
17010,-9.44,-0.53,11.12
17033,0.75,10.04,10.10
17057,9.39,11.36,11.73
17080,9.81,3.85,12.04
17104,4.94,-3.86,7.60
17128,-6.94,-11.20,10.54
17151,-11.17,-8.54,14.01
17175,-6.76,3.54,10.00
17198,1.73,10.39,10.13
17222,10.69,10.02,13.36
17245,9.33,2.67,11.41
17269,0.04,-8.03,6.97
17292,-8.52,-11.52,11.66
17316,-10.59,-3.50,12.44
17339,-5.15,5.81,9.90
17363,7.74,11.78,10.89
17386,10.31,5.98,13.15
17410,6.56,-1.81,8.49
17433,-4.75,-10.51,9.00
17457,-10.79,-10.40,13.82
17480,-8.58,0.87,10.65
17504,-1.64,9.19,10.02
17527,9.96,11.27,12.19
17551,10.34,5.78,13.02
17574,4.24,-4.29,7.31
17598,-4.11,-10.38,8.76
17621,-11.13,-8.41,14.00
17645,-9.28,-0.17,11.02
17668,1.06,9.89,10.10
17692,9.47,11.54,11.83
17716,9.75,3.72,11.97
17739,4.93,-3.80,7.60
17763,-6.80,-11.18,10.41
17786,-11.07,-8.86,14.06
17810,-7.26,2.87,10.12
17833,0.59,9.66,10.09
17857,10.46,10.69,12.89
17880,9.91,4.34,12.23
17904,2.23,-6.35,6.93
17927,-6.19,-10.82,9.99
17951,-11.13,-6.58,13.62
17974,-7.98,1.74,10.34
17998,3.35,10.50,10.18
18021,10.08,11.08,12.49
18045,9.24,2.33,11.18
18068,3.97,-4.77,7.29
18092,-7.31,-11.07,11.02
18115,-11.20,-8.47,13.95
18139,-7.11,3.05,10.05
18162,0.14,9.85,10.04
18186,10.39,10.61,12.83
18209,9.97,4.60,12.44
18233,3.04,-5.40,7.09
18256,-5.14,-10.83,9.46
18280,-11.15,-7.66,13.79
18304,-8.63,0.84,10.70
18327,2.08,10.62,10.12
18351,9.91,11.29,12.13
18374,9.41,2.94,11.59
18398,1.29,-6.83,6.90
18421,-6.99,-11.23,10.58
18445,-10.98,-5.86,13.32
18468,-7.43,2.40,10.21
18492,4.01,10.91,10.26
18515,10.33,10.72,12.74
18539,8.81,1.66,10.73
18562,2.98,-5.48,7.02
18586,-8.36,-11.47,11.72
18609,-11.03,-7.31,13.85
18633,-6.18,4.32,9.97
18656,1.71,9.93,10.13
18680,10.46,10.23,13.15
18703,9.69,3.97,12.00
18727,2.36,-6.17,7.00
18750,-5.67,-10.71,9.75
18774,-11.14,-7.30,13.70
18797,-8.65,0.77,10.70
18821,1.36,10.26,10.15
18844,9.31,10.77,11.74
18868,9.79,4.71,12.26
18891,6.02,-2.61,8.17
18915,-4.37,-10.21,9.17
18938,-10.18,-10.57,13.57
18962,-9.62,-1.08,11.22
18986,-0.42,9.15,10.13
19010,8.00,11.37,11.04
19033,10.23,6.25,13.01
19057,7.54,-0.83,9.31
19080,-1.98,-8.96,7.96
19104,-8.81,-11.12,12.53
19127,-10.62,-3.76,12.27
19151,-5.88,4.75,9.98
19174,5.49,11.28,10.41
19198,10.33,9.86,12.95
19221,8.67,1.34,10.55
19245,3.56,-4.83,7.26
19268,-7.14,-11.08,11.02
19292,-10.86,-9.09,13.98
19315,-7.98,1.81,10.36
19339,-1.63,8.83,10.01
19362,9.51,10.59,11.92
19386,10.25,7.25,13.29
19409,5.82,-2.68,8.10
19433,-1.14,-8.71,7.62
19456,-10.21,-10.55,13.62
19480,-10.74,-4.32,12.65
19503,-3.88,7.11,9.89
19527,4.46,10.78,10.27
19550,10.42,8.46,13.49
19574,7.53,-0.24,9.32
19598,1.45,-6.94,7.10
19621,-8.75,-11.29,12.48
19645,-11.06,-6.79,13.61
19668,-5.90,4.53,9.93
19692,1.67,10.08,10.07
19715,10.28,9.90,12.99
19739,9.90,4.48,12.33
19762,3.53,-4.98,7.29
19786,-3.70,-9.89,8.81
19809,-10.84,-9.19,13.92
19833,-9.95,-2.03,11.65
19856,-1.72,8.68,9.98
19880,7.00,11.23,10.68
19903,10.32,7.03,13.35
19927,7.84,0.19,9.75
19950,-1.21,-8.61,7.55
19974,-8.36,-11.23,11.95
19997,-10.64,-4.51,12.70
20021,-7.02,3.19,10.10
20044,3.20,10.53,10.16
20068,9.68,10.41,12.16
20091,9.64,3.85,11.94
20115,5.70,-2.83,8.08
20138,-4.42,-10.33,9.22
20162,-10.06,-10.70,13.52
20185,-9.63,-1.29,11.34
20209,-4.01,6.62,9.91
20232,7.70,11.27,10.86
20256,10.47,8.89,13.42
20280,7.51,-0.39,9.39
20304,-1.97,-8.98,7.75
20327,-8.78,-11.33,12.41
20351,-10.56,-3.91,12.47
20374,-6.12,4.19,9.99
20398,5.14,10.80,10.35
20421,10.18,10.26,12.75
20445,8.89,2.12,11.04
20468,4.61,-3.86,7.56
20492,-5.73,-10.69,10.03
20515,-10.29,-10.16,13.80
20539,-9.36,-0.79,11.11
20562,-3.97,6.71,9.92
20586,7.28,11.07,10.83
20609,10.34,9.25,13.24
20633,8.16,0.47,10.00
20656,2.85,-5.54,7.13
20680,-7.44,-11.04,11.35
20703,-10.78,-8.88,13.92
20727,-8.22,1.37,10.47
20750,1.01,9.66,10.07
20774,8.51,10.75,11.32
20797,10.07,5.94,12.92
20821,7.40,-0.68,9.30
20844,-1.60,-8.86,7.84
20868,-8.24,-10.98,12.02
20891,-10.77,-5.02,12.88
20915,-7.59,2.14,10.26
20939,2.03,10.30,10.16
20962,9.17,10.92,11.68
20986,9.92,4.72,12.57
21009,6.70,-1.48,8.76
21033,-2.96,-9.56,8.32
21056,-9.31,-11.09,12.79
21080,-10.30,-3.17,12.20
21103,-5.99,4.30,9.95
21127,4.91,10.79,10.35
21150,10.03,10.36,12.62
21174,9.17,2.49,11.34
21197,4.76,-3.69,7.63
21221,-5.62,-10.52,9.85
21244,-10.37,-10.19,13.83
21268,-9.27,-0.60,11.15
21291,-3.67,6.86,9.91
21315,7.67,11.25,10.84
21338,10.38,8.93,13.44
21362,7.90,0.05,9.81
21385,2.74,-5.45,7.11
21409,-7.24,-11.08,11.22
21432,-10.69,-9.21,13.92
21456,-8.40,0.89,10.64
21479,-2.98,7.56,9.93
21503,8.07,10.83,11.14
21527,10.08,6.29,13.20
21550,7.89,0.24,9.78
21574,-0.65,-8.22,7.46
21597,-7.34,-11.14,11.38
21621,-10.79,-5.99,13.32
21645,-8.39,0.98,10.55
21668,0.11,9.24,10.05
21692,7.47,10.85,10.87
21715,10.17,6.74,13.38
21739,8.54,1.34,10.47
21762,1.14,-7.04,7.25
21786,-5.36,-10.38,10.08
21809,-10.79,-8.23,13.81
21833,-9.92,-2.11,11.54
21856,-2.95,7.66,9.96
21880,4.44,10.58,10.27
21903,10.22,8.78,13.29
21927,8.46,0.93,10.38
21950,3.77,-4.70,7.35
21974,-5.99,-10.57,10.50
21997,-10.30,-10.09,13.81
22021,-9.38,-0.96,11.21
22044,-4.57,6.34,9.96
22068,6.43,10.85,10.53
22091,10.18,9.55,13.00
22115,8.84,1.81,10.97
22138,4.45,-3.79,7.53
22162,-5.09,-10.20,9.77
22185,-9.89,-10.55,13.50
22209,-9.91,-2.21,11.68
22232,-5.90,4.66,9.93
22256,4.45,10.10,10.25
22280,9.45,10.10,12.24
22303,9.78,4.28,12.30
22327,7.04,-1.26,8.93
22350,-1.43,-8.70,8.01
22374,-7.30,-10.65,11.63
22397,-10.88,-6.61,13.30
22421,-9.10,-0.30,10.89
22444,-1.63,8.61,10.02
22468,5.58,10.55,10.46
22491,10.13,8.03,13.43
22515,9.55,3.72,11.94
22538,3.88,-4.74,7.41
22562,-2.56,-9.36,8.41
22585,-10.17,-10.10,13.75
22609,-10.59,-4.53,12.69
22632,-4.59,5.97,9.88
22656,2.76,10.11,10.02
22679,10.19,9.57,13.10
22703,8.75,1.70,10.91
22727,4.31,-4.02,7.45
22750,-5.68,-10.43,9.89
22774,-10.20,-10.35,13.76
22797,-9.45,-1.17,11.34
22821,-4.24,6.17,9.89
22844,7.09,11.10,10.57
22868,10.42,9.23,13.38
22891,8.22,0.77,10.35
22915,2.81,-5.36,6.99
22938,-7.44,-11.02,11.09
22962,-10.85,-9.09,14.09
22986,-7.75,1.71,10.53
23009,-1.66,8.41,9.93
23033,9.24,10.72,11.58
23056,10.28,7.48,13.67
23080,6.82,-0.99,8.96
23103,0.77,-7.04,6.88
23127,-8.76,-11.25,12.41
23150,-10.53,-4.24,12.79
23174,-6.63,3.30,10.18
23197,3.78,10.29,10.03
23221,9.85,10.55,12.17
23244,9.45,3.50,12.26
23268,5.81,-2.15,8.24
23291,-3.69,-9.65,8.47
23315,-9.08,-10.98,12.87
23338,-10.41,-3.84,12.48
23362,-6.89,3.09,10.18
23385,2.73,10.07,10.05
23409,9.27,10.61,11.71
23432,9.89,4.94,12.83
23456,6.86,-1.08,9.07
23479,-2.22,-8.86,7.71
23503,-8.56,-11.18,12.11
23526,-10.53,-4.83,12.93
23550,-7.19,2.55,10.29
23573,2.83,10.02,9.99
23597,9.46,10.65,11.79
23621,9.72,4.66,12.75
23644,6.53,-1.39,8.80
23668,-2.71,-9.11,7.83
23691,-8.80,-11.19,12.33
23715,-10.51,-4.51,12.84
23738,-6.90,2.88,10.21
23762,3.10,10.01,10.00
23785,9.51,10.51,11.84
23809,9.74,4.66,12.78
23832,6.60,-1.34,8.89
23856,-2.55,-9.02,7.74
23879,-8.52,-11.08,12.22
23903,-10.62,-4.97,13.03
23927,-4.94,5.15,9.95
23950,1.55,9.56,9.92
23974,9.98,9.88,12.59
23997,10.10,6.21,13.31
24021,5.98,-2.10,8.38
24044,0.23,-7.34,7.04
24068,-8.78,-11.09,12.46
24091,-10.81,-7.80,13.86
24115,-7.35,2.16,10.29
24138,-1.75,8.13,9.96
24162,8.76,10.66,11.37
24185,10.25,8.19,13.51
24209,7.82,0.38,10.03
24232,3.09,-4.90,7.14
24256,-6.22,-10.55,10.22
24279,-10.10,-10.30,13.75
24303,-9.72,-1.94,11.64
24327,-5.33,4.85,9.93
24350,4.82,10.42,10.15
24374,9.78,10.11,12.28
24397,9.55,3.90,12.38
24421,3.74,-4.30,7.25
24444,-2.81,-9.11,7.85
24468,-9.99,-10.28,13.77
24491,-10.68,-5.29,13.09
24515,-5.36,4.66,9.98
24538,0.81,9.27,9.95
24562,9.79,10.26,12.27
24585,10.16,6.74,13.48
24609,6.68,-1.19,8.97
24632,1.53,-6.21,6.96
24656,-7.47,-10.86,11.29
24679,-10.41,-9.60,13.98
24703,-9.17,-0.78,11.15
24727,-1.58,8.17,9.88
24750,5.31,10.49,10.30
24774,10.25,8.49,13.40
24797,9.63,4.07,12.48
24821,4.69,-3.30,7.68
24844,-0.95,-8.16,7.42
24868,-9.12,-11.03,12.90
24891,-10.73,-7.42,13.75
24915,-7.53,1.80,10.36
24938,-2.34,7.59,9.92
24962,7.89,10.52,10.99
24985,10.20,8.94,13.31
25009,8.69,1.78,11.04
25032,4.82,-3.26,7.75
25056,-4.21,-9.64,8.80
25079,-9.14,-10.89,12.84
25103,-10.45,-4.57,12.70
25127,-7.76,1.59,10.47
25150,0.23,8.77,9.91
25174,6.85,10.47,10.70
25197,10.19,7.83,13.51
25221,9.31,3.24,11.93
25244,3.82,-4.35,7.40
25268,-1.85,-8.53,7.75
25292,-9.41,-10.76,13.24
25315,-10.34,-3.94,12.42
25339,-7.26,2.23,10.25
25362,1.09,9.34,9.96
25386,7.68,10.49,10.96
25409,10.08,7.11,13.60
25433,8.86,2.34,11.41
25456,2.95,-5.02,7.14
25480,-2.72,-9.00,8.15
25503,-9.64,-10.41,13.45
25527,-10.66,-6.72,13.42
25550,-7.20,2.26,10.21
25574,-2.69,7.58,9.89
25597,7.01,10.33,10.70
25621,9.92,9.20,12.89
25644,9.30,3.47,12.02
25668,6.72,-1.23,9.00
25691,-0.64,-7.92,7.53
25715,-5.99,-10.36,10.42
25738,-10.47,-8.71,13.82
25762,-10.25,-3.81,12.22
25785,-5.38,4.79,9.94
25809,-0.70,8.55,9.97
25833,8.14,10.17,11.37
25856,9.96,8.74,13.29
25880,9.02,2.52,11.44
25903,3.77,-4.51,7.42
25927,-1.42,-8.33,7.75
25950,-9.00,-10.89,12.93
25974,-10.56,-7.86,13.75
25997,-8.25,0.65,10.53
26021,-4.01,6.23,9.94
26044,5.52,10.14,10.33
26068,9.50,9.83,12.36
26091,9.66,4.72,12.73
26115,7.49,-0.13,9.73
26138,0.51,-7.02,7.08
26162,-5.12,-10.07,9.62
26185,-10.33,-9.44,13.92
26209,-10.36,-4.39,12.59
26232,-5.52,4.51,9.99
26256,-0.68,8.28,10.04
26279,8.07,10.38,11.27
26303,9.98,8.61,13.22
26326,9.17,2.63,11.67
26350,6.54,-1.32,8.84
26373,-1.03,-8.05,7.60
26397,-6.25,-10.53,10.57
26420,-10.48,-8.49,13.84
26444,-10.15,-3.53,12.12
26468,-5.09,5.04,9.94
26491,-0.02,8.68,9.99
26515,8.71,10.13,11.62
26538,10.04,7.98,13.48
26562,8.60,1.75,10.96
26585,5.56,-2.55,8.17
26609,-2.08,-8.53,8.01
26632,-6.96,-10.73,11.19
26656,-10.52,-7.99,13.68
26679,-9.95,-2.93,11.88
26703,-4.72,5.62,10.00
26727,4.25,9.90,10.16
26750,8.90,9.85,11.77
26774,9.95,6.05,13.33
26797,8.53,1.67,10.88
26821,2.60,-5.38,7.14
26844,-2.57,-8.79,8.15
26868,-9.34,-10.57,13.30
26891,-10.60,-7.42,13.59
26915,-8.05,1.03,10.47
26938,-3.69,6.41,10.06
26962,5.85,10.33,10.31
26985,9.64,9.68,12.41
27009,9.66,4.28,12.79
27032,7.28,-0.14,9.63
27056,-0.07,-7.19,7.02
27079,-5.67,-10.27,9.78
27103,-10.41,-9.09,14.01
27126,-10.14,-3.76,12.33
27150,-4.58,5.54,10.05
27173,1.13,8.99,9.92
27197,9.45,9.75,12.07
27220,9.75,5.07,13.14
27244,7.94,0.74,10.25
27268,1.31,-6.35,6.97
27291,-4.11,-9.57,8.79
27315,-9.98,-10.05,13.85
27338,-10.45,-5.71,13.14
27362,-6.60,3.25,10.18
27385,-2.32,7.64,10.07
27409,7.17,10.12,10.68
27432,9.86,9.04,12.95
27456,9.31,3.58,12.33
27479,6.95,-0.57,9.34
27503,-0.11,-7.36,7.16
27526,-5.40,-10.12,9.65
27550,-10.29,-9.37,13.97
27573,-10.25,-4.55,12.61
27597,-5.46,4.58,10.06
27620,-0.58,8.40,10.02
27644,8.51,10.10,11.29
27667,10.06,8.25,13.51
27691,8.78,2.39,11.44
27714,5.88,-1.94,8.51
27738,-1.73,-8.33,7.59
27761,-6.70,-10.50,10.76
27785,-10.45,-8.46,13.88
27808,-10.09,-3.74,12.24
27832,-5.37,4.43,10.03
27855,-0.90,8.29,10.06
27879,8.03,10.16,11.10
27903,10.08,6.90,13.62
27926,9.08,3.07,11.93
27950,4.12,-3.68,7.51
27974,-0.75,-7.76,7.23
27997,-8.40,-11.01,12.24
28021,-10.39,-8.95,13.99
28044,-8.94,-0.82,11.13
28068,-5.18,4.74,10.07
28091,3.67,9.58,10.03
28115,8.74,10.14,11.41
28138,9.96,6.25,13.58
28162,8.65,2.11,11.33
28185,2.97,-4.73,7.15
28209,-2.01,-8.27,7.57
28232,-8.83,-10.69,12.84
28256,-10.47,-8.50,13.92
28279,-9.00,-1.03,11.03
28303,-6.05,3.92,10.07
28326,1.43,8.87,10.02
28350,6.61,9.90,10.59
28373,10.02,8.15,13.46
28396,10.05,7.41,13.61
28419,8.13,0.84,10.50
28443,4.91,-2.97,7.95
28466,-2.80,-8.74,8.03
28490,-7.37,-10.75,11.35
28513,-10.52,-7.88,13.73
28537,-8.29,0.30,10.68
28560,-4.53,5.37,10.08
28584,3.97,9.64,10.12
28607,8.54,9.86,11.40
28631,10.02,6.69,13.60
28654,9.15,2.95,11.90
28678,4.58,-3.28,7.76
28702,0.40,-6.91,7.21
28725,-6.99,-10.57,11.15
28749,-9.65,-10.30,13.56
28772,-10.18,-4.19,12.30
28796,-5.75,4.06,10.11
28820,-1.33,7.87,10.06
28843,7.47,10.10,10.81
28867,9.77,8.98,12.85
28890,9.51,4.11,12.56
28914,7.62,0.21,9.97
28937,1.61,-5.93,7.10
28961,-2.91,-8.78,8.27
28984,-9.03,-10.71,13.05
29008,-10.38,-8.56,13.82
29031,-9.09,-1.24,11.04
29055,-6.27,3.51,10.09
29078,0.94,8.71,10.02
29102,6.08,9.83,10.40
29125,9.89,8.26,13.35
29148,9.94,7.87,13.52
29171,8.95,2.43,11.39
29195,6.88,-0.97,9.18
29218,0.92,-6.52,7.29
29242,-3.23,-9.02,8.66
29265,-8.85,-10.56,12.97
29289,-10.27,-8.91,13.68
29312,-9.63,-2.25,11.33
29336,-7.35,2.07,10.18
29359,-1.02,7.97,10.12
29383,3.95,9.50,10.19
29406,9.47,9.13,12.58
29430,10.02,7.28,13.52
29454,8.73,1.82,11.01
29477,6.41,-1.60,8.83
29501,0.13,-7.05,7.42
29524,-4.03,-9.39,9.13
29548,-9.31,-10.52,13.37
29571,-10.37,-8.16,13.57
29595,-9.31,-1.28,11.09
29618,-7.03,2.67,10.18
29642,-0.84,7.83,10.22
29665,3.65,9.39,10.19
29689,9.16,9.42,12.36
29712,9.97,7.58,13.40
29736,9.12,2.71,11.50
29759,7.30,-0.25,9.52
29783,1.76,-5.98,7.39
29806,-2.01,-8.45,8.30
29830,-8.13,-10.78,12.39
29853,-9.84,-9.73,13.63
29877,-10.12,-3.73,11.89
29900,-8.39,0.55,10.50
29924,-2.83,6.96,10.17
29947,1.89,8.70,10.13
29971,8.66,9.70,11.78
29994,9.81,8.19,13.30
30018,9.49,3.50,12.04
30041,7.68,0.09,9.88
30065,2.00,-5.67,7.27
30088,-1.93,-8.20,8.05
30112,-8.09,-10.75,12.39
30135,-10.41,-7.60,13.34
30159,-10.11,-3.80,11.95
30182,-6.31,3.51,10.19
30206,-3.04,6.72,10.25
30230,4.79,9.65,10.29
30253,8.23,9.70,11.44
30277,9.98,7.00,13.42
30300,9.69,4.35,12.45
30324,6.57,-1.37,8.99
30347,3.78,-4.12,7.70
30371,-2.53,-8.60,8.58
30394,-5.58,-10.14,10.56
30418,-9.52,-9.96,13.42
30441,-10.34,-7.92,13.29
30465,-9.50,-1.74,10.98
30488,-7.63,1.80,10.18
30512,-2.30,7.13,10.27
30535,1.52,8.57,10.27
30559,7.87,9.69,11.36
30582,9.36,8.81,12.73
30606,9.92,5.41,12.92
30629,9.40,3.19,11.71
30653,6.35,-1.72,8.85
30676,4.08,-4.04,7.90
30700,-1.68,-8.27,8.49
30723,-4.74,-9.98,10.04
30747,-9.03,-10.37,13.21
30770,-10.02,-8.67,13.48
30794,-10.16,-3.54,11.58
30817,-9.08,-0.62,10.55
30841,-4.62,5.50,10.20
30864,-1.56,8.05,10.28
30888,5.99,9.73,10.69
30912,8.59,9.27,11.93
30935,9.94,6.84,13.35
30959,9.61,4.10,12.31
30982,6.84,-1.11,9.14
31006,4.41,-3.56,7.96
31029,-1.65,-8.26,8.25
31053,-5.07,-10.18,10.05
31076,-9.36,-10.17,13.40
31100,-10.25,-8.15,13.42
31123,-9.75,-2.31,11.20
31147,-8.36,0.53,10.33
31170,-3.88,6.22,10.28
31194,-0.80,7.87,10.27
31217,6.05,9.61,10.77
31241,8.38,9.58,11.78
31264,9.98,6.85,13.32
31288,9.86,4.80,12.63
31311,7.47,-0.23,9.67
31335,5.23,-2.87,8.29
31358,-0.52,-7.55,7.93
31382,-3.69,-9.31,9.31
31405,-17.27,-21.36,25.70
31428,-9.95,-9.50,13.53
31452,-10.05,-3.51,11.70
31475,-8.64,-0.24,10.57
31499,-4.07,5.88,10.23
31523,-0.84,8.07,10.24
31546,6.55,9.55,10.78
31570,8.76,9.41,12.00
31593,9.98,6.52,13.27
31617,9.65,3.94,12.27
31640,6.57,-1.35,9.13
31664,3.76,-4.03,7.77
31687,-2.66,-8.77,8.51
31711,-5.97,-10.34,10.63
31734,-9.66,-9.74,13.56
31758,-10.33,-7.40,13.15
31781,-9.37,-1.75,10.91
31805,-7.23,1.74,10.16
31828,-1.81,7.49,10.29
31852,2.11,9.03,10.24
31875,8.35,9.45,11.71
31899,9.57,8.47,12.90
31922,9.79,4.86,12.64
31946,8.81,1.79,11.05
31969,4.66,-3.22,8.10
31993,1.59,-5.79,7.44
32016,-4.73,-9.84,9.77
32040,-7.45,-10.73,11.88
32063,-10.22,-8.55,13.49
32087,-10.33,-5.58,12.55
32110,-8.02,0.66,10.37
32134,-5.70,4.09,10.14
32157,0.44,8.27,10.24
32181,4.34,9.56,10.39
32204,9.18,8.97,12.41
32228,9.89,7.78,13.24
32252,9.36,3.33,11.92
32275,8.10,0.71,10.31
32299,3.55,-4.28,7.77
32322,0.17,-7.17,7.61
32346,-6.16,-10.46,10.76
32369,-8.61,-10.57,12.79
32393,-10.30,-6.96,13.06
32416,-10.07,-3.92,11.82
32440,-6.79,2.47,10.17
32463,-4.24,6.05,10.18
32487,3.31,9.15,10.36
32510,7.14,9.77,11.00
32534,9.86,7.89,13.22
32557,9.96,5.72,13.07
32581,7.89,0.39,10.25
32604,2.89,-4.81,7.58
32628,-0.78,-7.64,7.62
32651,-7.31,-10.87,11.42
32675,-9.33,-10.28,13.37
32698,-10.24,-5.11,12.55
32722,-9.19,-1.70,11.04
32745,-4.59,5.13,10.14
32769,-0.94,7.65,10.26
32792,6.61,9.86,10.82
32816,9.02,9.23,12.06
32839,9.98,6.00,13.20
32863,9.30,3.38,12.05
32886,5.84,-1.86,8.73
32910,2.73,-4.96,7.53
32933,-4.09,-9.51,8.89
32957,-7.52,-10.80,11.61
32981,-9.89,-1.23,-1.23
33004,-10.03,-4.44,12.35
33028,-6.39,2.54,10.15
33051,-3.12,6.47,10.23
33075,4.90,9.47,10.42
33098,8.26,9.60,11.39
33122,9.92,7.08,13.33
33145,9.75,4.79,12.77
33169,7.34,-0.34,9.78
33192,4.64,-3.23,8.20
33216,-1.52,-7.95,7.87
33239,-5.00,-9.84,9.68
33263,-9.39,-10.39,13.35
33286,-10.27,-8.20,13.47
33310,-9.21,-1.83,11.11
33333,-7.29,1.63,10.24
33357,-2.05,7.22,10.29
33380,1.83,8.99,10.38
33404,8.38,9.51,11.64
33427,9.73,8.37,12.84
33451,9.69,4.41,12.61
33474,8.56,1.55,11.01
33498,4.03,-3.73,7.93
33521,0.60,-6.57,7.35
33545,-6.01,-10.27,10.31
33568,-8.53,-10.74,12.64
33592,-10.32,-7.09,13.22
33615,-9.77,-3.55,11.78
33639,-5.97,3.19,10.17
33662,-3.11,6.56,10.24
33686,4.20,9.14,10.44
33710,7.51,9.67,11.11
33733,9.92,7.64,13.18
33757,9.90,5.51,13.07
33780,7.81,0.45,10.26
33804,2.69,-4.81,7.54
33828,-0.68,-7.44,7.56
33851,-6.83,-10.51,11.08
33875,-8.93,-10.57,12.98
33898,-10.32,-6.56,13.03
33922,-9.75,-3.31,11.61
33945,-6.11,3.24,10.10
33969,-3.47,6.35,10.19
33992,3.81,9.18,10.42
34016,7.26,9.48,11.07
34039,9.79,7.98,13.12
34063,9.54,3.80,12.29
34086,8.40,1.22,10.71
34110,4.06,-3.61,8.01
34133,1.05,-6.16,7.44
34157,-4.96,-9.69,9.68
34180,-7.47,-10.66,11.72
34204,-10.09,-8.92,13.55
34227,-10.29,-6.22,12.77
34251,-8.18,0.02,10.49
34274,-6.20,3.45,10.11
34298,-0.60,7.77,10.27
34321,3.12,8.86,10.37
34345,8.56,9.35,11.81
34368,9.57,8.38,12.84
34392,9.85,4.83,12.78
34416,9.06,2.54,11.50
34439,5.42,-2.29,8.65
34463,2.45,-5.14,7.59
34486,-3.73,-9.09,8.86
34510,-6.63,-10.39,10.93
34533,-9.78,-9.55,13.56
34557,-10.28,-7.19,13.17
34580,-8.84,-1.39,10.86
34604,-7.04,1.94,10.15
34628,-2.15,7.21,10.24
34651,4.86,9.25,10.62
34675,7.54,9.45,11.34
34698,9.79,8.02,13.12
34722,9.88,5.96,13.17
34745,8.71,1.87,11.07
34769,7.34,-0.02,9.85
34792,2.78,-5.05,7.78
34816,-0.07,-7.28,7.69
34839,-6.11,-10.35,10.51
34863,-8.44,-10.83,12.57
34886,-10.20,-7.45,13.24
34910,-9.98,-4.23,12.08
34933,-6.79,2.20,10.17
34957,-4.07,5.45,10.11
34980,3.16,9.05,10.37
35004,9.02,9.43,11.95
35028,9.96,7.82,13.11
35051,9.22,3.20,12.10
35075,7.60,0.42,10.24
35098,1.96,-5.28,7.35
35122,-1.91,-8.14,7.63
35145,-7.94,-10.65,11.82
35169,-9.71,-10.06,13.52
35192,-10.07,-4.88,12.42
35216,-8.84,-1.32,10.99
35240,-4.08,5.45,10.13
35263,-0.22,7.77,10.26
35287,7.22,9.57,10.97
35310,9.34,9.16,12.24
35334,9.93,5.57,13.15
35357,9.18,3.16,12.05
35381,5.82,-1.50,8.89
35405,0.20,-6.73,7.39
35428,-3.20,-8.90,8.34
35452,-8.34,-10.75,12.43
35475,-9.85,-9.79,13.58
35499,-9.93,-4.50,12.23
35522,-8.91,-1.37,10.89
35546,-4.70,4.71,10.16
35569,-2.01,7.17,10.26
35593,5.14,9.33,10.64
35616,7.91,9.42,11.39
35640,9.98,7.52,13.18
35663,9.18,2.99,11.93
35687,7.78,0.52,10.35
35710,2.75,-4.62,7.61
35734,-0.55,-7.10,7.44
35757,-6.68,-10.35,10.62
35781,-8.93,-10.81,12.80
35804,-10.15,-6.76,13.17
35828,-9.60,-3.39,11.84
35851,-5.86,3.07,10.18
35875,-3.08,6.16,10.20
35898,4.02,9.10,10.42
35922,7.22,9.51,11.05
35945,9.78,7.81,13.05
35969,9.85,6.23,13.28
35993,8.51,1.88,11.13
36016,7.01,-0.38,9.69
36040,2.14,-5.22,7.60
36063,-0.82,-7.44,7.68
36087,-6.47,-10.34,10.70
36110,-8.58,-10.73,12.53
36134,-10.24,-7.65,13.29
36157,-9.95,-4.55,12.18
36181,-6.94,1.72,10.22
36204,-4.66,4.79,10.11
36228,1.61,8.39,10.38
36251,5.23,9.31,10.63
36275,9.40,8.77,12.36
36298,9.93,7.55,13.15
36322,9.36,3.56,12.28
36345,8.34,1.41,10.97
36369,4.37,-3.08,8.20
36392,1.62,-5.55,7.53
36416,-4.29,-9.35,9.03
36439,-6.97,-10.50,10.97
36463,-9.88,-9.55,13.56
36486,-10.24,-7.21,13.20
36510,-8.76,-1.44,10.88
36533,-6.96,1.67,10.20
36557,-1.94,7.07,10.32
36580,1.48,8.44,10.37
36604,7.90,9.47,11.26
36628,9.43,8.72,12.38
36651,9.85,5.66,13.15
36675,9.17,3.20,12.12
36698,5.96,-1.40,9.04
36722,3.22,-3.98,7.77
36745,-2.81,-8.51,8.13
36769,-5.88,-10.08,9.92
36792,-9.47,-10.13,13.38
36816,-10.18,-8.35,13.50
36839,-9.30,-2.65,11.46
36863,-5.61,3.54,10.08
36886,-2.94,6.17,10.24
36910,3.87,9.05,10.49
36933,6.98,9.49,10.92
36957,9.80,8.04,12.89
36980,9.97,6.67,13.30
37004,8.80,2.35,11.61
37027,7.38,0.05,10.08
37051,2.79,-4.32,7.69
37074,0.09,-6.58,7.52
37097,-2.77,-8.61,8.24
37120,-5.49,-9.87,9.79
37144,-9.24,-10.30,13.13
37167,-10.11,-9.09,13.50
37191,-9.68,-3.65,11.76
37214,-8.41,-0.85,10.75
37238,-4.15,5.11,10.17
37261,-1.50,7.33,10.29
37285,5.38,9.32,10.65
37308,7.91,9.15,11.28
37332,9.93,7.67,13.10
37356,9.92,5.92,13.18
37379,8.37,1.42,11.02
37403,6.67,-0.60,9.58
37426,1.58,-5.40,7.49
37450,-1.38,-7.69,7.72
37473,-7.04,-10.52,10.85
37497,-8.91,-10.66,12.79
37520,-10.17,-6.97,13.23
37544,-9.67,-4.06,12.02
37567,-6.45,2.30,10.16
37591,-4.01,5.15,10.13
37614,2.34,8.68,10.41
37638,5.83,9.28,10.74
37661,9.54,8.60,12.47
37685,9.96,7.25,13.17
37708,9.18,3.36,12.17
37732,8.14,1.36,10.87
37755,4.25,-3.20,8.21
37779,1.54,-5.59,7.53
37802,-4.30,-9.24,8.88
37826,-7.05,-10.50,10.83
37849,-9.80,-9.66,13.58
37873,-10.16,-7.15,13.27
37896,-8.47,-1.19,10.93
37920,-6.22,2.20,10.21
37943,-0.62,7.72,10.29
37967,3.42,8.84,10.49
37990,8.98,9.13,11.81
38014,9.84,8.06,12.88
38037,9.50,4.32,12.70
38061,8.50,1.96,11.43
38085,4.87,-2.39,8.48
38108,2.15,-4.91,7.58
38132,-3.75,-8.86,8.49
38155,-8.39,-10.63,12.19
38179,-9.62,-10.09,13.37
38202,-10.06,-5.51,12.69
38226,-9.24,-2.78,11.48
38249,-5.57,3.16,10.14
38273,-3.25,5.93,10.26
38296,3.28,8.76,10.53
38320,6.45,9.43,10.86
38343,9.76,8.28,12.68
38367,10.03,6.81,13.27
38390,8.78,2.45,11.80
38414,7.29,0.26,10.25
38437,2.49,-4.45,7.60
38461,-0.46,-6.88,7.41
38484,-6.13,-9.94,9.92
38508,-8.27,-10.66,11.94
38531,-10.12,-8.43,13.56
38555,-10.03,-5.73,12.85
38578,-7.54,0.07,10.59
38602,-5.36,3.16,10.14
38625,0.12,7.88,10.27
38649,3.62,8.89,10.48
38672,8.89,9.00,11.75
38696,9.79,8.19,12.68
38720,9.71,4.86,12.98
38743,8.85,2.67,11.91
38767,5.69,-1.69,9.00
38790,3.44,-3.49,7.91
38814,-2.23,-7.96,7.78
38837,-4.99,-9.68,9.10
38861,-9.10,-10.62,12.77
38884,-9.89,-9.17,13.64
38908,-9.69,-4.10,12.20
38931,-8.39,-1.41,10.95
38955,-3.96,4.90,10.20
38978,-1.12,7.33,10.26
39002,6.07,9.20,10.71
39026,9.79,8.39,12.48
39049,10.05,7.05,13.23
39073,8.87,2.82,12.12
39096,7.60,0.67,10.63
39120,3.21,-3.76,7.86
39143,0.36,-6.19,7.36
39167,-5.49,-9.63,9.23
39190,-7.85,-10.58,11.29
39213,-9.46,-10.43,13.04
39236,-10.06,-8.84,13.63
39260,-9.25,-3.09,11.82
39283,-7.69,-0.11,10.71
39307,-3.27,5.62,10.27
39330,-0.55,7.30,10.32
39354,5.98,9.14,10.72
39377,8.24,9.28,11.34
39401,10.05,7.40,13.09
39424,9.96,5.86,13.22
39448,8.28,1.65,11.34
39472,4.75,-2.15,8.58
39495,2.50,-4.36,7.73
39519,-2.84,-8.40,8.09
39542,-5.21,-9.52,9.27
39566,-8.97,-10.53,12.68
39589,-9.81,-9.64,13.43
39613,-9.85,-5.16,12.51
39636,-9.07,-2.39,11.43
39660,-5.39,3.12,10.15
39683,-3.19,5.61,10.16
39707,3.07,8.73,10.48
39730,6.23,9.26,10.84
39754,9.74,8.30,12.47
39777,10.04,7.14,13.11
39801,9.04,2.98,12.18
39824,7.75,0.82,10.81
39848,3.54,-3.33,8.03
39871,0.91,-5.68,7.41
39895,-4.68,-9.27,8.82
39918,-7.02,-10.26,10.49
39942,-9.80,-9.87,13.44
39965,-10.16,-8.05,13.47
39989,-9.03,-2.63,11.51
40012,-7.58,-0.08,10.58
40036,-3.19,5.45,10.17
40059,-0.71,7.40,10.32
40083,5.84,9.22,10.85
40106,8.21,9.20,11.38
40130,10.06,7.40,13.00
40153,9.92,5.79,13.16
40177,8.31,1.70,11.38
40201,6.83,-0.28,10.02
40224,2.27,-4.58,7.66
40248,-0.43,-6.72,7.43
40271,-5.67,-9.62,9.55
40295,-7.67,-10.42,11.22
40318,-9.95,-9.42,13.46
40342,-10.07,-7.33,13.28
40365,-8.69,-1.98,11.28
40389,-7.20,0.62,10.45
40413,-2.66,5.95,10.22
40436,3.80,8.96,10.61
40460,6.87,9.39,10.96
40483,9.91,8.14,12.62
40507,10.07,6.58,13.11
40530,8.74,2.51,11.96
40554,7.35,0.52,10.60
40577,2.95,-3.87,7.83
40601,0.23,-6.17,7.32
40624,-5.36,-9.45,9.12
40648,-7.56,-10.33,10.97
40671,-9.96,-9.50,13.47
40695,-10.10,-7.46,13.36
40718,-8.79,-2.12,11.34
40742,-7.21,0.51,10.52
40765,-2.58,5.94,10.29
40789,0.20,7.83,10.41
40813,6.66,9.24,10.96
40836,9.78,8.23,12.45
40860,10.12,7.02,13.03
40883,9.16,3.16,12.26
40907,8.08,1.33,11.14
40930,4.42,-2.59,8.51
40954,2.19,-4.55,7.73
40977,-3.22,-8.65,8.15
41001,-5.43,-9.61,9.38
41025,-9.06,-10.44,12.66
41048,-10.14,-7.45,13.27
41072,-9.87,-5.21,12.58
41095,-7.49,0.08,10.56
41119,-5.46,2.79,10.17
41142,-0.17,7.65,10.35
41166,3.18,8.87,10.56
41189,8.75,9.06,11.61
41213,9.81,8.27,12.47
41236,9.83,5.11,12.99
41260,9.06,3.07,12.23
41283,6.11,-1.09,9.53
41307,3.94,-3.02,8.29
41330,-1.37,-7.18,7.52
41354,-3.84,-8.78,8.34
41377,-8.29,-10.67,11.67
41401,-9.45,-10.25,13.01
41424,-10.03,-6.45,13.12
41448,-9.52,-4.00,12.10
41471,-6.30,1.45,10.36
41495,-4.07,4.38,10.23
41518,1.71,8.41,10.47
41542,4.95,8.86,10.69
41565,9.29,8.81,11.91
41589,9.98,7.83,12.63
41612,9.72,4.49,12.83
41636,8.89,2.69,12.00
41659,5.96,-1.14,9.44
41683,4.00,-3.02,8.38
41706,-1.21,-7.25,7.54
41730,-3.55,-8.62,8.25
41754,-7.91,-10.50,11.41
41777,-9.17,-10.39,12.69
41801,-10.12,-7.44,13.26
41824,-9.89,-5.25,12.53
41848,-7.28,-0.05,10.58
41871,-5.38,2.60,10.23
41895,-0.53,7.47,10.39
41918,2.43,8.47,10.51
41942,8.15,9.03,11.34
41965,9.43,8.68,12.05
41989,10.11,6.15,13.10
42012,9.69,4.35,12.79
42036,7.47,0.41,10.63
42059,5.76,-1.39,9.30
42083,0.74,-5.69,7.46
42106,-1.73,-7.38,7.63
42130,-6.71,-10.14,10.13
42153,-8.37,-10.68,11.77
42177,-10.01,-8.59,13.47
42200,-10.08,-6.52,13.06
42224,-8.20,-1.36,11.00
42247,-3.95,4.38,10.19
42271,-1.58,6.68,10.28
42294,4.71,9.01,10.69
42318,7.25,9.09,11.09
42342,9.89,7.99,12.61
42365,10.08,6.74,13.06
42389,8.96,2.88,12.18
42412,7.86,1.05,11.04
42436,3.96,-2.98,8.35
42459,1.55,-4.99,7.56
42483,-3.89,-8.72,8.22
42506,-6.17,-9.83,9.67
42530,-9.40,-10.36,12.95
42553,-9.95,-9.09,13.50
42577,-9.53,-4.39,12.26
42601,-6.56,1.12,10.40
42624,-4.56,3.59,10.19
42648,0.67,7.95,10.44
42671,3.64,8.79,10.64
42695,8.70,8.99,11.64
42718,9.68,8.32,12.32
42742,9.95,5.54,13.05
42765,9.33,3.55,12.52
42789,6.73,-0.30,10.11
42812,4.94,-1.90,8.86
42836,0.00,-6.22,7.41
42859,-2.36,-7.89,7.70
42883,-7.09,-10.24,10.48
42906,-8.49,-10.51,11.92
42930,-10.05,-8.66,13.43
42953,-10.04,-6.89,13.08
42977,-8.54,-2.00,11.18
43000,-7.04,0.35,10.51
43024,-2.75,5.69,10.26
43047,-0.30,7.45,10.40
43071,5.84,8.99,10.86
43094,7.92,9.12,11.35
43118,9.97,7.61,12.69
43142,10.08,6.37,13.00
43165,8.86,2.59,12.01
43189,7.75,0.80,10.91
43212,3.89,-2.95,8.34
43236,1.68,-4.88,7.62
43259,-3.52,-8.58,8.14
43283,-5.59,-9.61,9.39
43306,-8.99,-10.44,12.55
43330,-9.67,-9.77,13.30
43353,-9.86,-5.84,12.67
43377,-9.30,-3.58,11.80
43400,-6.22,1.52,10.32
43424,-4.45,3.83,10.25
43447,0.62,7.82,10.51
43471,3.32,8.73,10.67
43494,8.27,9.05,11.52
43518,9.36,8.46,12.16
43541,9.91,6.03,13.03
43565,9.56,4.51,12.77
43588,7.65,0.76,10.84
43612,6.27,-0.88,9.71
43635,1.89,-4.81,7.69
43659,-0.23,-6.42,7.45
43682,-5.05,-9.37,9.08
43706,-6.82,-10.24,10.41
43729,-9.37,-10.12,13.06
43753,-9.95,-6.74,13.03
43777,-9.61,-4.78,12.31
43800,-7.21,0.06,10.51
43824,-5.59,2.21,10.27
43847,-1.30,6.89,10.46
43871,4.25,8.81,10.81
43894,6.29,9.01,11.07
43918,9.39,8.42,12.17
43942,9.83,7.55,12.65
43965,9.68,4.67,12.77
43989,9.11,3.20,12.28
44012,6.80,-0.27,10.13
44036,5.49,-1.49,9.25
44059,1.26,-5.25,7.65
44083,-0.62,-6.82,7.62
44106,-5.26,-9.48,9.25
44130,-6.86,-10.10,10.46
44153,-9.34,-10.18,13.02
44177,-9.75,-9.25,13.38
44200,-9.79,-5.32,12.46
44224,-9.29,-3.65,11.78
44247,-6.73,0.90,10.35
44271,-5.37,2.67,10.25
44294,-1.19,6.81,10.45
44318,0.77,7.77,10.55
44341,5.99,8.91,11.00
44365,7.40,8.97,11.31
44388,9.66,7.95,12.41
44412,9.90,7.13,12.79
44435,9.57,4.30,12.65
44459,8.98,3.01,12.12
44482,6.66,-0.38,10.03
44506,5.31,-1.68,9.12
44529,1.07,-5.40,7.61
44553,-0.65,-6.72,7.58
44577,-5.06,-9.34,9.16
44600,-8.37,-10.58,12.00
44624,-9.11,-10.38,12.82
44647,-9.89,-7.58,13.21
44671,-9.81,-6.12,12.75
44694,-8.37,-2.03,11.02
44718,-7.42,-0.40,10.56
44742,-4.15,4.13,10.29
44765,-2.90,5.50,10.36
44789,1.80,8.18,10.66
44812,3.59,8.54,10.75
44836,7.75,8.87,11.41
44859,8.61,8.71,11.74
44883,9.92,7.06,12.78
44906,9.97,6.35,12.89
44930,9.21,3.49,12.31
44953,8.66,2.41,11.82
44977,6.53,-0.38,9.91
45000,5.61,-1.40,9.30
45024,1.97,-4.83,7.85
45047,0.52,-5.94,7.67
45071,-3.57,-8.46,8.48
45094,-4.92,-9.26,9.15
45118,-7.85,-10.47,11.67
45141,-8.61,-10.45,12.30
45165,-9.81,-8.76,13.29
45188,-9.85,-7.64,13.14
45211,-9.90,-6.62,12.84
45234,-9.83,-5.77,12.45
45258,-8.54,-2.00,10.95
45281,-7.97,-0.98,10.64
45305,-5.11,2.91,10.24
45328,-4.20,4.10,10.26
45352,-0.19,7.16,10.53
45375,1.14,7.63,10.61
45399,5.50,8.80,11.08
45422,8.47,8.63,11.83
45446,8.91,8.35,12.08
45470,9.90,6.77,12.85
45493,9.90,6.11,12.90
45517,9.21,3.44,12.27
45540,8.75,2.49,11.85
45564,6.47,-0.57,9.91
45587,5.44,-1.53,9.25
45611,1.68,-4.87,7.78
45634,0.26,-6.16,7.65
45658,-4.01,-8.88,8.64
45681,-5.37,-9.39,9.43
45705,-8.32,-10.39,11.97
45728,-8.88,-10.32,12.55
45752,-9.88,-8.42,13.18
45775,-9.87,-7.26,13.00
45799,-9.10,-3.32,11.60
45822,-8.52,-2.10,11.06
45846,-5.76,1.97,10.20
45869,-4.66,3.36,10.28
45893,-0.63,6.86,10.51
45916,0.89,7.75,10.63
45940,5.68,8.84,11.06
45963,7.05,8.79,11.29
45987,9.35,8.11,12.33
46010,9.66,7.70,12.51
46034,9.91,5.47,12.89
46057,9.64,4.58,12.72
46081,8.39,1.91,11.49
46104,7.83,1.12,10.98
46128,5.21,-1.80,9.12
46152,1.75,-4.94,7.87
46175,0.84,-5.50,7.80
46199,-2.83,-7.99,8.28
46222,-3.51,-8.71,8.64
46246,-6.60,-10.11,10.54
46269,-7.18,-10.24,10.98
46293,-8.99,-10.16,12.75
46317,-9.28,-9.86,12.98
46340,-9.85,-7.54,13.01
46364,-9.83,-6.77,12.82
46387,-8.82,-2.98,11.34
46411,-8.20,-1.49,10.89
46434,-5.11,2.33,10.22
46458,-4.22,4.04,10.20
46481,-0.18,7.01,10.53
46505,1.19,7.75,10.61
46528,5.75,8.78,11.05
46552,6.91,8.82,11.27
46575,9.26,8.19,12.19
46599,9.66,7.91,12.42
46622,9.89,5.61,12.88
46646,9.76,5.06,12.79
46669,8.58,2.20,11.69
46693,7.97,1.16,11.18
46716,5.25,-1.66,9.26
46740,4.22,-2.54,8.67
46763,0.43,-5.82,7.64
46787,-0.59,-6.57,7.70
46810,-4.15,-8.66,8.82
46834,-5.02,-9.21,9.21
46857,-7.81,-10.60,11.41
46881,-8.41,-10.58,12.02
46904,-9.68,-9.02,13.23
46928,-9.82,-8.16,13.21
46951,-9.51,-4.85,12.18
46975,-7.69,-0.89,10.65
46999,-6.76,0.44,10.42
47022,-3.43,4.69,10.29
47046,-2.19,5.38,10.38
47069,2.10,8.04,10.68
47093,3.28,8.21,10.75
47116,6.96,8.74,11.32
47140,7.58,8.81,11.56
47163,9.44,8.06,12.43
47187,9.58,7.55,12.59
47210,9.88,5.83,12.89
47234,9.84,5.35,12.79
47257,8.85,2.68,11.88
47281,8.65,2.39,11.63
47304,6.74,-0.32,10.12
47328,6.19,-0.85,9.80
47352,3.45,-3.37,8.36
47375,0.17,-6.11,7.85
47399,-0.24,-6.50,7.91
47422,-3.48,-8.50,8.69
47446,-4.13,-8.99,8.94
47469,-7.05,-10.41,10.85
47493,-7.76,-10.47,11.40
47516,-9.38,-9.70,12.99
47540,-9.70,-9.17,13.17
47563,-9.76,-6.10,12.62
47587,-9.66,-5.21,12.25
47610,-8.02,-1.35,10.83
47634,-7.31,-0.40,10.54
47657,-4.36,3.46,10.26
47681,-3.60,4.39,10.32
47704,0.21,7.03,10.55
47728,1.14,7.48,10.61
47751,5.13,8.76,10.98
47775,5.87,8.60,11.13
47799,8.52,8.70,11.89
47822,8.85,8.32,12.13
47846,9.85,7.04,12.84
47869,9.90,6.41,12.93
47893,9.25,3.87,12.41
47916,9.15,3.47,12.11
47940,7.52,0.63,10.67
47963,7.03,0.02,10.30
47987,4.37,-2.55,8.71
48010,3.68,-3.21,8.43
48034,0.41,-6.02,7.88
48057,-0.20,-6.39,7.89
48081,-3.48,-8.54,8.69
48104,-4.12,-9.11,9.00
48128,-7.09,-10.50,11.03
48152,-9.10,-10.16,12.77
48175,-9.33,-9.55,13.04
48199,-9.78,-6.95,12.88
48222,-9.69,-6.00,12.53
48246,-8.43,-2.23,11.07
48269,-7.92,-1.01,10.73
48293,-5.11,2.43,10.27
48316,-4.41,3.34,10.30
48340,-1.23,6.52,10.51
48363,-0.62,6.64,10.58
48387,3.05,7.88,10.80
48410,3.28,8.49,10.91
48434,6.56,8.88,11.31
48457,7.18,8.85,11.44
48481,9.20,8.20,12.34
48504,9.41,7.76,12.59
48528,9.80,5.84,12.91
48551,9.65,5.00,12.79
48575,8.59,2.37,11.73
48599,6.59,-0.25,10.09
48622,5.98,-0.93,9.68
48646,3.06,-3.74,8.25
48669,2.40,-4.30,8.06
48693,-1.10,-7.07,7.89
48716,-1.89,-7.65,8.08
48740,-5.10,-9.24,9.46
48763,-5.79,-9.68,9.80
48787,-8.18,-10.75,11.88
48810,-8.62,-10.55,12.33
48834,-9.61,-8.81,13.18
48857,-9.67,-8.16,13.14
48881,-9.54,-5.27,12.26
48904,-9.40,-4.76,11.95
48928,-7.94,-1.21,10.70
48952,-5.40,2.25,10.29
48975,-4.77,2.94,10.30
48999,-1.48,6.36,10.53
49022,-0.49,6.71,10.57
49046,3.79,8.35,10.82
49069,4.70,8.43,10.93
49092,5.39,8.89,11.01
49115,6.23,8.77,11.12
49139,8.83,8.43,11.99
49162,9.28,8.30,12.26
49186,9.89,6.39,12.94
49209,9.79,5.64,12.91
49233,8.79,2.89,12.06
49256,8.37,2.15,11.67
49280,6.18,-0.67,9.95
49303,5.49,-1.36,9.42
49327,2.31,-4.31,8.03
49350,1.66,-4.73,7.93
49374,-1.63,-7.15,7.96
49397,-2.18,-7.71,8.09
49421,-5.40,-9.63,9.49
49445,-6.06,-9.86,9.89
49468,-8.46,-10.53,12.01
49492,-8.82,-10.40,12.45
49515,-9.70,-8.69,13.18
49539,-9.74,-7.98,13.13
49562,-9.53,-5.10,12.16
49586,-9.40,-4.60,11.92
49609,-8.14,-1.79,10.81
49633,-7.88,-1.54,10.69
49656,-5.71,1.92,10.23
49680,-5.38,2.35,10.26
49703,-2.42,5.25,10.48
49727,-1.87,6.11,10.54
49750,2.16,7.79,10.71
49774,3.00,7.99,10.81
49797,6.57,8.65,11.18
49821,6.96,8.72,11.29
49844,9.05,8.50,12.06
49868,9.24,8.11,12.23
49891,9.91,6.58,12.90
49915,9.83,6.38,12.94
49938,9.39,4.16,12.52
49962,9.22,3.61,12.32
49985,7.97,1.34,11.16
50009,7.70,0.98,10.92
50032,5.48,-1.40,9.41
50056,5.09,-1.78,9.22
50079,2.16,-4.51,8.06
50103,1.75,-4.80,7.98
50126,-1.40,-7.09,7.95
50150,-1.61,-7.27,8.03
50174,-4.47,-9.08,9.04
50197,-4.70,-9.24,9.19
50221,-7.18,-10.41,10.93
50244,-7.25,-10.23,11.09
50268,-8.74,-10.20,12.42
50291,-9.59,-9.26,12.96
50315,-9.55,-9.13,12.99
50338,-9.71,-6.64,12.56
50362,-9.65,-6.48,12.53
50385,-9.09,-3.82,11.47
50409,-8.96,-3.48,11.34
50432,-7.20,-0.32,10.45
50456,-6.83,0.01,10.38
50479,-4.32,3.57,10.32
50503,-3.81,3.94,10.31
50526,-0.57,6.77,10.60
50550,0.11,7.03,10.64
50573,4.01,8.34,10.88
50597,4.75,8.45,10.96
50620,7.71,8.82,11.50
50644,8.15,8.73,11.63
50667,9.52,7.63,12.45
50691,9.54,7.63,12.58
50714,9.83,6.22,12.88
50738,9.84,5.87,12.90
50761,9.28,3.80,12.37
50785,9.19,3.72,12.30
50808,8.00,1.55,11.19
50832,7.90,1.35,11.07
50855,6.06,-0.84,9.84
50879,5.95,-0.89,9.74
50902,3.61,-3.26,8.54
50926,0.94,-5.53,7.91
50950,1.00,-5.49,7.93
50974,-1.59,-7.26,8.09
50997,-1.38,-7.16,8.08
51021,-3.71,-8.72,8.91
51044,-3.47,-8.52,8.83
51068,-5.74,-9.80,10.01
51091,-5.64,-9.79,9.92
51115,-7.56,-10.52,11.40
51138,-7.59,-10.53,11.46
51162,-9.00,-10.18,12.67
51185,-9.08,-10.03,12.73
51209,-9.67,-8.26,12.99
51232,-9.71,-7.98,12.98
51256,-9.43,-5.23,12.14
51279,-9.29,-4.80,11.97
51303,-8.05,-1.81,10.85
51326,-7.87,-1.54,10.75
51350,-5.83,1.53,10.31
51373,-5.63,1.57,10.31
51397,-3.16,4.67,10.41
51420,-2.85,4.88,10.45
51444,0.41,7.16,10.68
51467,0.78,7.27,10.70
51491,4.23,8.24,10.92
51514,4.27,8.23,10.93
51538,6.82,8.86,11.31
51561,6.85,8.59,11.32
51585,8.45,8.29,11.99
51608,8.38,8.67,11.89
51632,9.42,7.66,12.46
51656,9.30,7.66,12.43
51679,9.75,6.85,12.79
51703,9.72,6.90,12.76
51727,9.65,5.21,12.75
51750,9.03,3.47,12.19
51774,9.02,3.44,12.17
51797,7.86,1.32,11.12
51821,6.09,-0.70,9.83
51844,6.07,-0.69,9.85
51868,3.95,-2.91,8.67
51891,4.01,-2.85,8.75
51915,1.56,-4.98,8.01
51938,1.71,-4.91,8.05
51962,-0.91,-6.87,8.02
51985,-0.83,-6.79,8.00
52009,-3.37,-8.40,8.61
52032,-3.32,-8.39,8.57
52056,-5.66,-9.71,9.81
52079,-5.62,-9.72,9.76
52103,-7.46,-10.50,11.22
52126,-7.46,-10.51,11.22
52150,-8.81,-10.32,12.48
52173,-8.81,-10.38,12.49
52197,-9.52,-9.01,13.00
52220,-9.49,-9.14,12.98
52244,-9.60,-7.16,12.70
52267,-9.65,-7.19,12.68
52291,-9.33,-4.83,11.93
52314,-9.35,-4.81,11.95
52338,-8.39,-2.30,10.97
52361,-8.36,-2.36,11.00
52385,-6.43,0.46,10.34
52408,-6.29,0.62,10.36
52432,-3.94,3.63,10.29
52456,-3.78,3.56,10.30
52479,-1.13,6.26,10.56
52503,-1.05,6.00,10.55
52526,1.84,7.63,10.78
52550,1.80,7.59,10.76
52573,4.76,8.28,11.05
52597,4.60,8.56,11.03
52620,7.19,8.72,11.48
52644,7.23,8.55,11.45
52667,8.87,8.44,12.13
52691,9.70,7.28,12.67
52714,9.72,7.04,12.74
52738,9.62,5.40,12.79
52761,9.57,5.25,12.81
52785,8.81,3.08,12.08
52808,8.77,3.05,12.05
52832,7.52,0.97,10.92
52855,7.43,0.73,10.82
52879,5.39,-1.39,9.51
52902,5.20,-1.48,9.41
52926,2.80,-3.74,8.30
52950,0.02,-6.10,7.85
52973,-0.06,-6.20,7.83
52997,-2.63,-7.75,8.22
53020,-2.56,-7.72,8.19
53044,-4.80,-9.28,9.29
53068,-4.66,-9.21,9.16
53091,-6.69,-10.27,10.58
53115,-6.77,-10.25,10.52
53138,-8.34,-10.64,11.98
53162,-8.43,-10.64,12.02
53185,-9.32,-9.64,12.90
53209,-9.37,-9.54,12.95
53232,-9.61,-7.66,12.78
53256,-9.67,-7.56,12.81
53279,-9.31,-5.04,12.04
53303,-9.26,-5.06,12.05
53326,-8.45,-2.58,11.11
53350,-8.62,-2.95,11.18
53373,-7.12,-0.73,10.51
53397,-7.45,-0.90,10.57
53420,-5.79,1.38,10.34
53444,-6.17,0.84,10.34
53467,-4.36,2.91,10.32
53491,-4.96,2.63,10.32
53514,-3.06,4.69,10.46
53538,-3.49,4.03,10.41
53561,-1.26,6.00,10.61
53585,-1.76,5.72,10.60
53608,0.81,7.11,10.77
53632,0.22,6.84,10.72
53656,2.83,7.71,10.89
53679,2.17,7.81,10.86
53703,4.54,8.36,11.06
53726,4.13,8.26,11.01
53750,6.51,8.76,11.32
53773,6.50,8.71,11.31
53797,8.43,8.39,11.86
53820,8.38,8.43,11.86
53844,9.37,7.78,12.46
53867,9.40,7.74,12.43
53891,9.72,6.53,12.78
53914,9.70,6.63,12.85
53938,9.52,5.21,12.72
53961,9.57,5.28,12.77
53985,8.98,3.56,12.25
54008,9.07,3.78,12.29
54032,8.19,2.06,11.47
54055,8.39,2.32,11.56
54079,7.25,0.65,10.66
54102,7.47,0.88,10.83
54126,5.78,-1.00,9.76
54150,3.74,-2.96,8.72
54173,3.88,-2.82,8.73
54197,1.50,-4.93,8.03
54220,1.71,-4.77,8.07
54244,-0.73,-6.60,7.93
54267,-0.31,-6.22,7.93
54291,-2.65,-7.91,8.27
54314,-2.38,-7.82,8.18
54338,-4.68,-9.18,9.14
54361,-4.48,-8.95,8.98
54385,-6.45,-10.10,10.32
54408,-7.93,-10.65,11.60
54432,-7.75,-10.60,11.45
54455,-8.75,-10.30,12.44
54479,-8.60,-10.42,12.33
54503,-9.29,-9.55,12.84
54526,-9.25,-9.87,12.80
54550,-9.53,-8.35,12.84
54573,-9.51,-8.45,12.93
54597,-9.45,-6.33,12.43
54620,-9.44,-6.50,12.46
54644,-8.93,-4.02,11.60
54667,-8.99,-4.27,11.67
54691,-7.78,-1.81,10.81
54714,-7.84,-1.86,10.81
54738,-5.88,0.94,10.34
54761,-5.90,0.89,10.37
54785,-3.60,3.79,10.35
54808,-3.56,3.79,10.38
54832,-0.79,6.11,10.62
54855,-0.72,6.25,10.60
54879,2.48,7.62,10.82
54902,2.42,7.76,10.84
54926,5.44,8.31,11.07
54950,7.65,8.71,11.51
54973,7.51,8.50,11.46
54997,8.84,8.24,11.99
55020,8.73,8.49,11.97
55044,9.49,7.59,12.49
55067,9.39,7.73,12.46
55091,9.72,6.68,12.84
55114,9.74,6.80,12.81
55138,9.52,5.21,12.83
55161,9.54,5.37,12.81
55185,8.99,3.62,12.30
55208,8.98,3.67,12.33
55232,8.07,1.92,11.47
55256,8.16,2.12,11.57
55279,6.81,0.30,10.53
55303,7.00,0.48,10.64
55326,5.26,-1.29,9.53
55350,5.53,-1.07,9.67
55373,3.53,-3.07,8.63
55397,3.72,-2.94,8.70
55420,1.41,-4.97,7.98
55444,1.59,-4.73,8.04
55467,-0.95,-6.72,7.84
55491,-0.77,-6.59,7.83
55514,-3.21,-8.10,8.32
55538,-3.06,-7.96,8.27
55561,-5.17,-9.41,9.35
55585,-5.00,-9.30,9.20
55608,-7.01,-10.39,10.63
55632,-6.94,-10.39,10.59
55655,-8.46,-10.69,11.97
55679,-8.48,-10.60,12.03
55702,-9.33,-9.71,12.95
55726,-9.53,-7.80,12.86
55750,-9.50,-7.64,12.83
55773,-9.28,-5.22,12.03
55797,-9.14,-5.20,12.04
55820,-8.00,-2.48,11.06
55844,-8.08,-2.14,11.03
55867,-6.26,0.20,10.47
55891,-4.26,2.70,10.34
55914,-4.66,2.46,10.36
55938,-2.66,4.65,10.46
55961,-3.17,4.16,10.46
55985,-1.05,5.99,10.66
56008,-1.58,5.56,10.60
56032,0.88,6.92,10.77
56056,0.30,6.75,10.71
56079,2.80,7.68,10.84
56103,2.09,7.51,10.84
56126,4.40,8.24,10.98
56150,3.68,8.03,10.96
56173,5.75,8.49,11.17
56197,5.05,8.28,11.08
56220,6.74,8.63,11.33
56244,5.88,8.47,11.22
56267,7.20,8.61,11.52
56291,6.34,8.59,11.31
56314,7.70,8.50,11.69
56338,7.02,8.66,11.42
56361,8.18,8.52,11.79
56385,7.57,8.63,11.59
56408,8.56,8.44,11.99
56432,8.15,8.58,11.81
56455,9.02,8.07,12.26
56479,8.63,8.47,12.04
56502,9.27,7.90,12.46
56526,9.03,8.13,12.23
56549,9.51,7.47,12.63
56573,9.31,7.84,12.48
56596,9.65,6.95,12.76
56620,9.57,7.32,12.67
56643,9.73,6.43,12.84
56667,9.67,6.86,12.78
56690,9.60,5.86,12.84
56714,9.68,6.54,12.80
56737,9.60,5.46,12.78
56761,9.65,6.05,12.84
56785,9.47,5.14,12.70
56808,9.66,5.92,12.80
56832,9.44,4.91,12.61
56855,9.63,5.86,12.78
56879,9.42,4.91,12.57
56902,9.63,5.79,12.76
56926,9.45,4.91,12.58
56950,9.14,3.96,12.24
56973,9.41,4.88,12.54
56997,9.08,3.89,12.21
57020,9.37,4.76,12.57
57044,9.09,3.87,12.18
57067,9.43,4.91,12.54
57091,9.12,3.86,12.23
57114,9.41,4.88,12.56
57138,9.15,4.13,12.28
57161,9.50,5.21,12.62
57185,9.30,4.36,12.39
57208,9.50,5.52,12.67
57232,9.45,5.02,12.54
57255,9.61,6.07,12.70
57279,9.54,5.44,12.63
57302,9.59,6.54,12.73
57326,9.56,6.10,12.76
57349,9.49,7.05,12.71
57373,9.57,6.57,12.76
57396,9.58,6.04,12.76
57420,9.51,6.92,12.71
57443,9.55,6.38,12.75
57467,9.39,7.21,12.66
57490,9.50,6.78,12.75
57514,9.18,7.49,12.52
57538,9.41,7.11,12.65
57561,8.92,7.79,12.36
57585,9.25,7.46,12.57
57608,8.64,8.05,12.22
57632,9.01,7.77,12.39
57656,9.31,7.36,12.59
57679,8.82,7.93,12.26
57703,9.17,7.65,12.53
57726,8.65,8.15,12.12
57750,9.11,7.68,12.40
57773,8.52,8.11,12.07
57797,9.04,7.96,12.35
57820,8.56,8.14,12.06
57844,9.15,7.75,12.38
57867,8.73,8.06,12.16
57891,9.35,7.77,12.49
57914,9.08,7.87,12.30
57938,9.47,7.08,12.68
57961,9.34,7.64,12.54
57985,9.60,6.76,12.79
58008,9.57,7.18,12.64
58032,9.62,6.14,12.85
58055,9.62,6.73,12.79
58079,9.57,5.64,12.83
58102,9.61,6.04,12.84
58126,9.37,4.90,12.72
58149,9.50,5.64,12.81
58173,9.22,4.40,12.51
58196,9.44,5.12,12.70
58220,9.02,3.68,12.26
58243,9.13,4.08,12.47
58267,8.48,2.72,11.82
58290,8.74,3.26,12.07
58314,7.99,1.86,11.37
58338,8.40,2.54,11.70
58361,7.71,1.35,11.08
58385,8.19,2.07,11.49
58408,7.45,1.02,10.84
58432,8.01,1.83,11.28
58455,7.16,0.62,10.65
58479,7.72,1.41,11.03
58502,6.86,0.39,10.44
58526,7.51,1.12,10.87
58549,6.64,-0.00,10.30
58573,7.55,1.09,10.88
58596,6.90,-0.03,10.39
58620,7.96,1.60,11.07
58643,7.37,0.74,10.69
58667,8.29,2.11,11.32
58690,7.76,1.28,10.94
58714,8.43,2.32,11.53
58737,8.03,1.73,11.17
58761,8.72,3.13,11.78
58784,8.47,2.28,11.48
58808,8.01,1.54,11.14
58831,8.60,2.82,11.66
58855,8.12,1.87,11.23
58878,8.66,2.93,11.74
58902,8.10,1.92,11.30
58926,7.48,0.99,10.76
58949,8.04,1.82,11.25
58973,7.38,0.98,10.75
58996,8.06,1.82,11.22
59020,7.47,0.97,10.73
59044,8.33,2.37,11.34
59067,7.91,1.51,10.97
59091,8.66,2.76,11.64
59114,8.38,2.21,11.31
59138,8.93,3.59,11.92
59161,8.63,2.74,11.62
59185,9.06,3.81,12.16
59208,8.70,3.10,11.81
59232,9.12,4.21,12.28
59255,8.77,3.17,11.91
59279,9.13,4.08,12.32
59302,8.74,3.24,11.91
59326,9.10,4.06,12.29
59349,8.60,2.84,11.78
59373,8.95,3.78,12.17
59396,8.47,2.72,11.67
59420,8.82,3.53,12.10
59443,8.38,2.52,11.57
59467,8.86,3.62,12.06
59490,8.47,2.64,11.63
59514,8.92,3.54,12.08
59537,8.44,2.62,11.63
59561,8.86,3.52,12.05
59584,8.36,2.32,11.56
59608,8.92,3.85,12.03
59631,8.45,2.55,11.63
59655,8.89,3.21,12.00
59678,8.32,2.37,11.52
59702,8.65,3.16,11.89
59726,8.01,1.89,11.26
59749,7.07,0.55,10.53
59773,7.58,1.19,10.95
59796,6.42,-0.06,10.17
59820,7.00,0.64,10.55
59844,5.79,-0.85,9.74
59867,6.37,-0.30,10.08
59891,5.04,-1.57,9.35
59914,5.66,-0.88,9.69
59938,4.34,-2.33,9.04
59961,5.06,-1.95,9.38
59985,3.89,-3.11,8.83
60008,5.15,-1.42,9.42
60032,4.00,-2.92,8.89
60055,4.89,-2.05,9.31
60079,3.46,-3.27,8.70
60103,1.77,-4.73,8.21
60126,2.69,-3.92,8.42
60150,1.00,-5.50,8.13
60173,1.76,-4.80,8.20
60197,-0.14,-6.32,8.04
60220,0.64,-5.52,8.02
60244,-1.20,-6.90,8.07
60267,-0.32,-6.36,8.03
60291,-1.97,-7.46,8.29
60314,-1.14,-7.01,8.13
60338,-2.75,-8.12,8.52
60361,-1.80,-7.31,8.29
60385,-3.16,-8.20,8.73
60408,-2.16,-7.72,8.37
60432,-3.57,-8.74,8.88
60455,-2.55,-7.89,8.53
60479,-3.84,-8.68,9.06
60502,-2.72,-8.09,8.65
60526,-3.97,-8.99,9.15
60549,-2.90,-8.21,8.71
60573,-4.20,-8.96,9.24
60596,-3.17,-8.38,8.77
60620,-4.56,-9.33,9.36
60643,-3.58,-8.62,8.89
60667,-4.91,-9.42,9.56
60690,-3.89,-8.75,9.05
60714,-5.14,-9.58,9.71
60737,-4.17,-9.00,9.12
60761,-5.48,-9.79,9.90
60784,-4.48,-9.39,9.37
60808,-5.32,-9.82,10.00
60831,-3.52,-8.83,9.23
60855,-3.73,-8.78,9.36
60878,-1.45,-8.24,8.78
60902,-1.22,-7.65,8.76
60926,-0.85,-6.96,8.69
60949,1.82,-5.36,8.59
60973,1.96,-5.32,8.57
60996,4.15,-2.94,8.99
61020,3.80,-3.25,8.86
61043,5.39,-1.73,9.44
61067,4.72,-2.63,9.18
61090,6.27,-0.35,9.92
61114,5.75,-1.15,9.62
61138,6.92,-0.01,10.32
61161,6.27,-0.44,9.97
61185,7.27,0.81,10.58
61208,6.45,-0.34,10.07
61232,7.18,0.59,10.59
61255,6.20,-0.49,10.01
61279,7.08,0.70,10.50
61302,6.07,-0.71,9.88
61326,6.77,0.12,10.34
61349,5.61,-1.07,9.63
61373,6.29,-0.32,10.01
61396,5.01,-1.73,9.30
61420,5.68,-0.97,9.67
61443,4.35,-2.35,9.04
61467,5.10,-1.61,9.39
61490,3.71,-2.93,8.74
61514,4.57,-2.13,9.13
61537,3.12,-3.59,8.56
61561,3.99,-2.74,8.88
61584,2.48,-4.11,8.40
61608,3.36,-3.33,8.65
61631,1.79,-4.74,8.23
61655,2.79,-3.80,8.49
61678,1.21,-5.27,8.19
61702,2.15,-4.51,8.29
61726,0.51,-5.78,8.15
61749,-1.18,-7.02,8.20
61773,-0.25,-6.40,8.08
61796,-1.92,-7.54,8.32
61820,-1.06,-6.92,8.12
61843,-2.72,-8.06,8.47
61867,-1.89,-7.53,8.27
61890,-3.48,-8.53,8.78
61914,-2.71,-7.98,8.49
61937,-4.30,-9.11,9.18
61961,-3.54,-8.60,8.82
61984,-5.04,-9.40,9.57
62008,-4.19,-8.90,9.12
62031,-5.57,-9.79,9.87
62055,-4.62,-9.28,9.41
62078,-5.85,-9.93,10.13
62102,-4.82,-9.42,9.55
62126,-5.91,-10.04,10.24
62149,-6.82,-10.46,10.85
62173,-5.92,-10.01,10.23
62196,-6.76,-10.43,10.89
62220,-7.47,-10.61,11.43
62244,-6.65,-10.40,10.77
62267,-7.36,-10.63,11.38
62291,-6.59,-10.39,10.74
62314,-7.43,-10.71,11.37
62338,-6.67,-10.38,10.80
62361,-7.51,-10.53,11.44
62385,-6.69,-10.32,10.83
62408,-7.35,-10.50,11.37
62432,-6.45,-10.36,10.72
62455,-7.15,-10.67,11.22
62479,-6.17,-10.21,10.53
62502,-6.90,-10.50,11.03
62526,-5.87,-10.10,10.34
62549,-6.57,-10.36,10.83
62573,-5.34,-9.78,10.07
62596,-6.10,-10.16,10.47
62620,-4.79,-9.57,9.70
62643,-5.55,-9.94,10.19
62667,-4.19,-9.09,9.41
62690,-5.00,-9.67,9.81
62714,-3.61,-9.10,9.15
62737,-4.30,-9.14,9.51
62761,-2.81,-8.25,8.84
62785,-3.68,-9.07,9.17
62808,-2.30,-7.95,8.61
62832,-3.38,-8.53,8.94
62855,-2.03,-8.08,8.52
62879,-2.82,-8.19,8.82
62902,-1.29,-7.23,8.37
62926,-2.35,-8.16,8.60
62949,-0.90,-6.95,8.32
62973,-2.02,-7.63,8.50
62996,-0.65,-6.76,8.25
63020,-1.77,-7.64,8.49
63043,-0.43,-6.58,8.24
63067,-1.64,-7.44,8.38
63090,-0.31,-6.40,8.23
63114,-1.52,-7.31,8.36
63137,-0.10,-6.46,8.20
63161,-1.05,-6.92,8.32
63184,0.76,-5.61,8.29
63208,-0.10,-6.45,8.29
63231,1.51,-5.13,8.32
63255,0.47,-5.88,8.26
63278,1.93,-4.57,8.40
63302,0.87,-5.50,8.26
63326,-0.14,-6.31,8.28
63349,1.52,-4.97,8.35
63373,0.59,-5.74,8.26
63396,2.25,-4.43,8.46
63420,1.34,-5.16,8.34
63443,2.92,-3.71,8.60
63467,1.97,-4.63,8.40
63490,3.40,-3.31,8.72
63514,2.34,-4.27,8.43
63537,3.65,-3.01,8.82
63561,2.58,-4.06,8.45
63584,3.79,-2.85,8.85
63608,2.72,-3.84,8.48
63631,4.05,-2.56,8.94
63654,5.30,-1.29,9.52
63677,6.53,-0.00,10.23
63701,6.02,-0.54,9.90
63724,7.22,0.82,10.68
63748,6.91,0.43,10.45
63771,8.19,2.27,11.32
63795,8.22,2.30,11.30
63818,9.09,3.83,12.17
63842,9.09,3.88,12.13
63865,9.45,5.75,12.70
63889,9.43,5.65,12.69
63912,9.35,6.78,12.74
63936,9.38,6.67,12.75
63960,8.96,7.64,12.48
63983,9.07,7.51,12.56
64007,9.17,7.35,12.61
64030,8.48,7.97,12.21
64054,8.71,7.81,12.32
64077,7.75,8.39,11.79
64101,8.12,8.25,11.97
64124,6.99,8.37,11.54
64148,7.63,8.37,11.71
64171,6.58,8.41,11.43
64195,7.52,8.45,11.66
64218,6.59,8.39,11.41
64242,7.63,8.38,11.65
64265,6.70,8.42,11.37
64289,7.67,8.34,11.71
64312,6.71,8.35,11.37
64336,7.60,8.36,11.65
64359,6.47,8.37,11.37
64383,7.32,8.30,11.58
64406,6.07,8.27,11.29
64430,6.96,8.31,11.46
64453,5.54,8.19,11.19
64477,6.37,8.26,11.35
64500,4.77,8.13,11.13
64524,5.65,8.17,11.20
64547,3.85,7.71,11.05
64571,4.42,8.08,11.11
64594,2.18,7.07,11.05
64618,2.90,7.32,11.08
64642,0.60,6.52,11.00
64665,1.48,6.93,11.02
64689,-0.50,5.90,10.97
64712,0.59,6.55,11.01
64736,-1.10,5.39,10.84
64759,0.01,6.37,10.93
64783,-1.75,5.24,10.80
64806,-0.59,5.76,10.91
64830,-2.35,4.69,10.74
64853,-1.16,5.43,10.87
64877,-2.75,4.20,10.74
64901,-1.73,5.15,10.79
64924,-0.51,5.81,10.91
64948,-2.17,4.64,10.78
64971,-1.12,5.44,10.86
64995,-2.85,4.19,10.71
65018,-1.93,4.93,10.82
65042,-3.55,3.56,10.63
65065,-2.48,4.38,10.74
65089,-3.84,3.15,10.58
65112,-2.73,4.20,10.72
65136,-4.01,2.87,10.58
65159,-2.88,4.06,10.64
65183,-4.16,2.73,10.53
65206,-3.02,3.97,10.67
65230,-4.14,2.71,10.54
65253,-2.78,4.15,10.67
65277,-3.71,3.14,10.57
65300,-2.18,4.61,10.70
65324,-3.16,3.74,10.64
65347,-1.64,5.03,10.81
65371,0.01,6.08,10.89
65395,-1.20,5.31,10.83
65418,0.50,6.27,10.93
65442,-0.73,5.60,10.89
65465,0.87,6.45,10.92
65489,-0.59,5.69,10.88
65512,0.98,6.40,10.93
65536,-0.57,5.68,10.89
65559,0.81,6.47,10.94
65583,-0.71,5.52,10.83
65606,0.64,6.29,10.90
65630,-1.05,5.37,10.84
65653,0.17,6.04,10.89
65677,-1.64,4.93,10.80
65700,-0.60,5.68,10.89
65724,-2.46,4.32,10.73
65747,-1.66,4.95,10.83
65771,-3.53,3.43,10.65
65794,-2.85,4.09,10.70
65818,-4.53,2.25,10.52
65841,-3.86,3.05,10.60
65865,-5.35,1.24,10.44
65888,-4.70,2.19,10.49
65912,-6.01,0.36,10.42
65935,-5.24,1.37,10.45
65959,-6.50,-0.31,10.44
65982,-5.71,0.70,10.45
66006,-6.85,-1.06,10.51
66029,-6.15,0.10,10.42
66053,-7.31,-1.58,10.62
66077,-6.62,-0.57,10.43
66100,-5.88,0.34,10.43
66124,-7.24,-1.32,10.52
66148,-6.68,-0.63,10.42
66171,-7.94,-2.36,10.76
66195,-7.40,-1.64,10.57
66218,-8.42,-3.31,10.95
66242,-7.96,-2.44,10.78
66265,-8.79,-4.13,11.21
66289,-8.37,-3.35,10.98
66312,-9.00,-4.87,11.48
66336,-8.66,-3.88,11.18
66359,-9.08,-5.31,11.66
66383,-8.69,-4.27,11.30
66406,-9.11,-5.52,11.77
66430,-8.77,-4.30,11.36
66453,-9.17,-5.75,11.83
66477,-8.89,-4.73,11.46
66500,-9.29,-6.14,11.90
66524,-9.08,-5.29,11.63
66547,-9.34,-6.77,12.05
66571,-9.21,-6.01,11.87
66594,-9.37,-7.49,12.20
66618,-9.36,-6.80,12.05
66641,-9.25,-6.13,11.87
66665,-9.35,-7.74,12.28
66688,-9.28,-7.02,12.09
66712,-9.29,-8.37,12.42
66735,-9.34,-7.98,12.32
66759,-9.16,-9.44,12.43
66783,-9.28,-8.92,12.43
66806,-8.96,-9.80,12.43
66830,-9.14,-9.28,12.49
66853,-8.73,-10.21,12.24
66877,-8.88,-9.97,12.36
66900,-8.32,-10.61,11.95
66924,-8.49,-10.47,12.15
66947,-7.73,-10.63,11.51
66971,-7.97,-10.54,11.68
66994,-6.86,-10.47,10.83
67018,-7.08,-10.60,11.00
67041,-5.65,-9.94,9.98
67065,-5.96,-10.10,10.24
67088,-4.28,-9.17,9.34
67112,-4.65,-9.39,9.47
67135,-2.89,-8.23,8.73
67159,-3.43,-8.59,8.90
67182,-1.67,-7.38,8.41
67206,-2.32,-7.82,8.53
67229,-0.57,-6.51,8.25
67253,-1.23,-6.97,8.31
67276,0.77,-5.39,8.28
67300,0.28,-5.78,8.31
67324,-0.22,-6.24,8.32
67347,1.83,-4.67,8.46
67371,1.31,-5.01,8.38
67394,3.22,-3.27,8.76
67418,2.71,-3.88,8.61
67441,4.44,-2.17,9.21
67465,3.93,-2.65,8.97
67488,5.47,-1.06,9.70
67512,5.01,-1.52,9.45
67535,6.45,0.11,10.27
67559,6.08,-0.37,10.02
67583,7.34,1.08,10.83
67606,7.00,0.74,10.62
67630,8.09,2.24,11.41
67653,7.90,1.85,11.24
67677,8.69,3.27,11.95
67700,8.48,2.84,11.76
67724,9.03,4.20,12.34
67747,8.80,3.60,12.14
67771,9.24,4.86,12.63
67794,9.11,4.37,12.45
67818,9.45,5.56,12.75
67841,9.31,5.04,12.66
67865,9.50,6.27,12.80
67888,9.45,5.87,12.77
67912,9.45,6.96,12.68
67935,9.49,6.70,12.74
67959,9.15,7.52,12.47
67982,9.31,7.19,12.58
68006,8.75,7.87,12.16
68029,9.03,7.74,12.31
68053,8.28,8.14,11.89
68076,8.62,7.93,12.11
68100,8.95,7.81,12.29
68124,8.20,8.16,11.84
68147,8.62,8.02,12.05
68171,7.77,8.27,11.71
68194,8.28,8.24,11.90
68218,8.74,8.05,12.11
68241,7.98,8.21,11.77
68265,8.48,8.05,12.00
68288,7.48,8.36,11.57
68312,8.00,8.28,11.77
68336,6.78,8.34,11.43
68359,7.47,8.38,11.64
68383,6.25,8.31,11.34
68406,7.16,8.38,11.51
68430,5.80,8.17,11.26
68453,6.64,8.26,11.38
68477,5.06,8.03,11.20
68500,5.94,8.20,11.28
68524,4.25,7.78,11.17
68547,5.19,8.12,11.23
68571,3.53,7.52,11.10
68594,4.55,7.94,11.16
68618,2.88,7.34,11.09
68642,4.01,7.79,11.14
68665,5.27,8.06,11.19
68689,3.92,7.72,11.11
68712,5.32,8.16,11.18
68736,4.07,7.60,11.09
68759,5.48,8.00,11.17
68783,4.08,7.75,11.12
68806,5.42,7.89,11.18
68830,3.82,7.54,11.09
68853,4.89,7.95,11.18
68877,3.18,7.26,11.10
68900,4.11,7.64,11.16
68924,2.10,6.88,11.08
68947,2.91,7.28,11.15
68971,0.73,6.25,11.10
68994,1.53,6.60,11.08
69018,-0.62,5.60,10.98
69042,0.17,5.86,11.03
69065,0.84,6.32,11.10
69089,-1.46,5.14,10.99
69113,-0.73,5.46,11.02
69136,-2.84,4.01,10.81
69160,-2.21,4.52,10.88
69183,-4.07,2.79,10.61
69207,-3.58,3.32,10.70
69230,-5.28,1.23,10.45
69254,-4.88,1.70,10.56
69277,-6.51,-0.45,10.43
69301,-6.26,-0.00,10.41
69324,-7.87,-2.25,10.67
69348,-7.69,-1.98,10.62
69371,-8.83,-4.17,11.12
69395,-8.66,-3.84,11.02
69418,-9.29,-5.78,11.68
69442,-9.20,-5.39,11.60
69466,-9.11,-5.11,11.50
69489,-9.40,-6.97,12.01
69513,-9.36,-6.64,11.93
69536,-9.27,-8.44,12.28
69560,-9.34,-8.27,12.22
69583,-8.89,-9.81,12.20
69607,-8.89,-9.79,12.25
69630,-8.19,-10.65,11.77
69654,-8.35,-10.55,11.89
69677,-8.61,-10.31,12.07
69701,-7.75,-10.65,11.46
69724,-8.02,-10.63,11.66
69748,-7.03,-10.61,10.94
69772,-7.43,-10.71,11.21
69795,-6.29,-10.28,10.35
69819,-6.81,-10.53,10.67
69842,-5.45,-9.83,9.86
69866,-5.93,-10.14,10.12
69889,-4.38,-9.22,9.31
69913,-4.87,-9.54,9.59
69936,-3.17,-8.49,8.85
69960,-3.61,-8.70,9.06
69983,-1.73,-7.41,8.51
70007,-2.10,-7.66,8.60
70030,-0.06,-6.24,8.37
70054,-0.58,-6.65,8.37
70077,1.43,-5.00,8.39
70101,0.85,-5.43,8.35
70124,2.77,-3.76,8.64
70148,2.19,-4.30,8.55
70171,4.06,-2.48,9.01
70195,3.66,-2.89,8.93
70218,5.35,-1.19,9.62
70242,5.04,-1.63,9.45
70266,4.59,-1.97,9.27
70289,6.16,-0.30,10.12
70313,5.97,-0.49,10.00
70336,7.40,1.15,10.87
70360,7.17,0.76,10.69
70383,8.18,2.29,11.51
70407,7.89,1.93,11.30
70430,8.64,3.26,12.02
70454,8.41,2.72,11.75
70477,8.94,4.06,12.36
70501,8.72,3.43,12.12
70524,9.19,4.66,12.60
70548,8.96,4.07,12.38
70572,9.34,5.23,12.77
70595,9.17,4.58,12.62
70619,9.44,5.69,12.84
70643,9.31,5.19,12.76
70666,9.17,4.69,12.60
70690,9.45,5.75,12.84
70713,9.38,5.24,12.79
70737,9.49,6.43,12.82
70760,9.42,5.95,12.82
70784,9.41,6.84,12.73
70807,9.42,6.59,12.82
70831,9.22,7.38,12.53
70854,9.33,6.98,12.71
70878,8.94,7.70,12.27
70901,9.15,7.54,12.44
70925,9.28,7.24,12.60
70949,8.76,7.79,12.10
70972,8.99,7.76,12.30
70996,8.21,8.16,11.76
71019,8.53,7.96,11.93
71043,7.39,8.14,11.50
71066,7.74,8.32,11.58
71090,6.13,8.10,11.24
71113,6.68,8.17,11.32
71136,2.20,6.84,11.09
71159,2.98,7.21,11.07
71183,0.89,6.22,11.04
71206,1.79,6.57,11.02
71230,-0.32,5.55,10.98
71253,0.45,5.95,10.99
71277,-1.69,4.70,10.88
71300,-1.04,5.04,10.93
71324,-3.20,3.43,10.76
71347,-2.77,3.82,10.80
71371,-2.41,4.12,10.87
71394,-4.40,2.14,10.60
71418,-4.01,2.61,10.64
71442,-5.74,0.39,10.51
71465,-5.42,0.91,10.48
71489,-7.05,-1.36,10.58
71512,-6.69,-1.01,10.50
71536,-8.03,-3.07,10.89
71559,-7.82,-2.52,10.80
71583,-8.73,-4.52,11.37
71606,-8.55,-4.12,11.24
71630,-9.13,-6.05,11.82
71653,-9.08,-5.70,11.76
71677,-9.24,-7.72,12.20
71700,-9.24,-7.53,12.11
71724,-9.08,-9.21,12.30
71747,-9.12,-9.13,12.34
71771,-8.55,-10.32,12.11
71794,-8.69,-10.11,12.15
71818,-7.93,-10.61,11.58
71841,-8.15,-10.62,11.76
71865,-7.22,-10.59,11.00
71888,-7.57,-10.64,11.23
71912,-6.36,-10.20,10.37
71935,-6.69,-10.37,10.59
71959,-5.26,-9.66,9.67
71983,-5.68,-9.94,9.89
72006,-4.09,-8.90,9.07
72030,-4.70,-9.26,9.28
72053,-3.11,-8.23,8.63
72077,-3.75,-8.60,8.89
72100,-2.14,-7.44,8.38
72124,-2.89,-8.03,8.53
72147,-1.23,-6.80,8.21
72171,-2.01,-7.30,8.31
72194,-0.28,-6.02,8.17
72218,-1.19,-6.77,8.19
72241,0.43,-5.58,8.21
72265,-0.59,-6.27,8.14
72288,0.86,-5.08,8.20
72312,-0.26,-6.00,8.10
72335,1.18,-4.80,8.19
72359,0.10,-5.66,8.09
72382,1.59,-4.41,8.30
72406,0.52,-5.41,8.18
72429,1.98,-4.14,8.40
72453,0.95,-4.92,8.18
72476,2.48,-3.63,8.52
72500,1.56,-4.47,8.34
72524,0.74,-5.15,8.20
72547,2.49,-3.67,8.58
72571,1.80,-4.29,8.38
72594,3.66,-2.56,9.00
72618,3.31,-2.91,8.87
72641,5.08,-1.16,9.68
72665,4.75,-1.60,9.49
72688,6.30,0.03,10.34
72712,5.97,-0.27,10.16
72735,7.24,1.24,10.95
72759,6.92,0.82,10.73
72782,8.00,2.26,11.56
72806,7.69,1.91,11.33
72829,8.57,3.39,12.08
72853,8.32,2.92,11.86
72876,8.94,4.33,12.50
72900,8.80,3.90,12.32
72923,9.23,5.17,12.79
72947,9.05,4.74,12.67
72970,9.33,6.03,12.88
72994,9.33,5.74,12.87
73017,9.32,6.82,12.77
73041,9.35,6.69,12.74
73065,8.94,7.62,12.29
73088,8.92,7.57,12.34
73112,8.97,7.49,12.40
73135,7.94,7.99,11.77
73159,7.93,7.97,11.77
73182,6.16,8.09,11.25
73206,5.98,7.90,11.27
73229,3.22,7.19,11.11
73253,2.98,6.97,11.14
73276,-0.26,5.46,11.09
73300,-0.70,5.27,11.08
73324,-1.15,5.07,11.09
73347,-4.03,2.66,10.75
73371,-4.43,2.33,10.65
73394,-6.66,-0.71,10.46
73418,-6.96,-1.16,10.47
73441,-8.60,-4.05,11.03
73465,-8.81,-4.45,11.17
73488,-9.28,-7.09,11.88
73512,-9.27,-7.51,11.95
73535,-8.92,-9.48,12.13
73559,-8.79,-9.73,12.08
73582,-7.72,-10.65,11.48
73606,-7.49,-10.61,11.38
73629,-5.71,-10.01,10.17
73653,-5.30,-9.81,10.01
73676,-2.72,-8.21,8.94
73700,-2.08,-7.72,8.83
73723,0.94,-5.45,8.60
73747,1.55,-5.02,8.62
73771,4.26,-2.46,9.20
73794,4.58,-2.08,9.35
73818,6.61,0.19,10.36
73841,6.73,0.36,10.46
73865,8.18,2.37,11.48
73888,8.27,2.58,11.61
73912,9.01,4.46,12.42
73935,9.08,4.67,12.50
73959,9.29,6.39,12.76
73982,9.25,6.52,12.73
74006,8.70,7.64,12.30
74029,8.60,7.60,12.22
74053,7.08,8.09,11.54
74076,6.82,8.15,11.49
74100,4.24,7.52,11.18
74123,3.79,7.38,11.20
74147,0.54,5.92,11.19
74170,0.11,5.71,11.18
74194,-3.02,3.73,10.85
74217,-3.24,3.33,10.80
74241,-5.66,0.45,10.48
74264,-6.06,0.19,10.46
74288,-8.06,-2.98,10.75
74311,-8.34,-3.36,10.82
74335,-9.26,-5.95,11.59
74358,-9.27,-6.29,11.67
74382,-9.23,-8.69,12.10
74405,-9.18,-8.88,12.12
74429,-8.41,-10.22,11.85
74453,-8.32,-10.39,11.76
74476,-8.24,-10.47,11.74
74500,-8.12,-10.42,11.68
74524,-6.73,-10.42,10.73
74547,-6.63,-10.44,10.66
74571,-4.63,-9.50,9.61
74594,-4.36,-9.28,9.56
74618,-1.95,-7.63,8.71
74641,-1.72,-7.62,8.62
74665,0.91,-5.61,8.50
74688,0.97,-5.50,8.49
74712,3.39,-3.33,8.88
74735,3.33,-3.40,8.87
74759,5.44,-1.24,9.68
74782,5.41,-1.24,9.66
74806,7.08,0.66,10.65
74829,7.15,0.71,10.64
74853,8.35,2.67,11.56
74876,8.42,2.70,11.58
74900,9.14,4.57,12.42
74923,9.14,4.70,12.42
74947,9.33,6.25,12.78
74970,9.36,6.30,12.75
74994,8.88,7.46,12.41
75017,8.79,7.55,12.33
75041,7.41,8.11,11.70
75064,7.26,8.01,11.63
75088,4.86,7.69,11.23
75111,4.54,7.61,11.24
75135,1.44,6.30,11.17
75158,1.01,6.03,11.20
75182,-2.27,4.17,10.93
75205,-2.71,3.86,10.92
75229,-5.29,0.96,10.53
75253,-5.68,0.69,10.46
75276,-7.75,-2.43,10.64
75300,-8.05,-2.71,10.72
75324,-8.29,-3.27,10.83
75347,-9.26,-5.81,11.52
75371,-9.29,-6.24,11.64
75394,-9.22,-8.65,12.08
75418,-9.21,-8.74,12.09
75441,-8.43,-10.27,11.87
75465,-8.27,-10.34,11.81
75488,-6.88,-10.44,10.87
75512,-6.62,-10.43,10.73
75535,-4.33,-9.27,9.53
75559,-3.88,-9.04,9.32
75582,-1.03,-7.07,8.60
75606,-0.53,-6.67,8.53
75629,2.51,-4.14,8.73
75653,3.01,-3.69,8.87
75676,5.55,-1.11,9.74
75700,5.99,-0.61,10.00
75723,7.89,1.71,11.12
75747,8.15,2.13,11.40
75771,8.40,2.66,11.66
75794,9.19,5.22,12.57
75818,9.31,5.81,12.69
75841,8.84,7.24,12.43
75865,8.49,7.72,12.17
75888,6.42,8.01,11.45
75912,5.63,7.79,11.34
75935,2.12,6.71,11.24
75959,0.97,6.19,11.27
75982,-2.81,3.71,10.91
76006,-3.86,2.86,10.69
76029,-6.64,-0.52,10.39
76053,-7.31,-1.51,10.47
76077,-7.92,-2.40,10.56
76100,-9.23,-5.39,11.37
76124,-9.26,-6.13,11.57
76147,-9.25,-8.54,12.04
76171,-9.18,-8.93,12.05
76194,-8.33,-10.41,11.75
76218,-8.09,-10.50,11.65
76241,-6.64,-10.46,10.73
76265,-6.38,-10.40,10.56
76288,-4.11,-9.22,9.45
76312,-3.71,-8.92,9.26
76335,-0.91,-6.92,8.63
76359,-0.35,-6.48,8.54
76382,2.65,-4.01,8.75
76406,3.27,-3.42,8.96
76429,5.82,-0.82,9.90
76453,6.26,-0.30,10.14
76476,7.98,1.99,11.28
76500,8.22,2.45,11.53
76523,9.08,4.71,12.50
76547,9.14,5.10,12.62
76570,9.18,6.83,12.63
76594,9.05,7.02,12.55
76617,7.94,7.94,11.81
76641,7.55,8.00,11.67
76664,5.03,7.69,11.27
76688,4.34,7.56,11.25
76711,0.89,6.14,11.29
76735,0.18,5.81,11.29
76759,-3.15,3.50,10.84
76782,-3.76,2.94,10.73
76806,-6.38,-0.44,10.43
76829,-6.93,-1.36,10.42
76853,-8.83,-4.26,11.03
76876,-9.06,-5.01,11.25
76900,-9.20,-7.86,11.93
76923,-9.20,-8.28,12.03
76947,-8.54,-10.03,11.94
76970,-8.33,-10.25,11.83
76994,-6.86,-10.53,10.92
77017,-6.44,-10.37,10.67
77041,-4.00,-9.10,9.47
77064,-3.34,-8.71,9.22
77088,-0.27,-6.45,8.62
77111,0.51,-5.89,8.60
77135,3.59,-3.21,9.04
77158,4.23,-2.58,9.20
77182,6.58,0.10,10.32
77205,7.06,0.73,10.60
77229,8.57,3.21,11.80
77252,8.78,3.78,12.10
77276,9.03,4.45,12.42
77300,9.19,6.66,12.69
77323,8.98,7.04,12.52
77347,7.56,7.85,11.72
77370,6.90,8.01,11.52
77394,6.18,7.91,11.37
77417,2.79,6.84,11.28
77441,1.77,6.45,11.33
77465,-2.00,4.50,11.07
77488,-2.77,3.83,10.99
77512,-5.58,0.67,10.49
77535,-6.11,-0.00,10.47
77559,-8.17,-3.26,10.77
77582,-8.46,-4.00,10.91
77606,-9.22,-6.72,11.72
77629,-9.19,-7.47,11.91
77653,-8.75,-9.75,12.06
77676,-8.49,-10.05,11.99
77700,-7.06,-10.54,11.08
77723,-6.59,-10.47,10.80
77747,-4.20,-9.28,9.56
77770,-3.64,-8.91,9.26
77794,-0.80,-6.86,8.61
77817,-0.15,-6.29,8.59
77841,2.99,-3.57,8.88
77864,3.75,-2.92,9.10
77887,7.79,1.67,11.09
77910,8.12,2.28,11.42
77934,9.05,4.68,12.52
77957,9.18,5.21,12.63
77981,9.10,7.00,12.61
78004,8.88,7.30,12.48
78028,7.45,7.98,11.66
78051,6.90,8.00,11.48
78075,3.88,7.40,11.20
78098,3.08,7.03,11.19
78122,-0.59,5.33,11.20
78145,-1.34,4.84,11.16
78169,-4.34,2.17,10.67
78193,-4.75,1.56,10.61
78216,-7.11,-1.50,10.46
78240,-7.47,-2.23,10.53
78263,-8.87,-4.96,11.28
78287,-8.99,-5.42,11.39
78310,-9.14,-7.96,12.04
78334,-9.10,-8.22,12.07
78357,-8.66,-10.01,12.10
78381,-8.54,-10.08,11.98
78404,-7.31,-10.67,11.16
78428,-7.11,-10.70,11.01
78451,-5.27,-9.88,9.84
78475,-4.99,-9.60,9.69
78498,-2.61,-7.95,8.75
78522,-2.28,-7.74,8.67
78545,0.44,-5.68,8.43
78569,0.78,-5.49,8.46
78592,3.50,-2.90,8.98
78616,3.86,-2.54,9.10
78639,6.10,-0.17,10.18
78663,6.47,0.19,10.37
78686,8.06,2.40,11.54
78710,8.28,2.88,11.75
78733,9.11,5.01,12.66
78757,9.26,5.41,12.77
78780,9.29,5.87,12.84
78804,8.90,7.35,12.46
78827,8.73,7.57,12.26
78851,6.96,7.98,11.42
78874,6.33,7.89,11.31
78898,3.09,6.99,11.15
78922,2.30,6.54,11.17
78945,-1.43,4.60,11.10
78969,-2.25,4.13,11.00
78992,-5.18,0.87,10.56
79016,-5.80,0.15,10.51
79039,-8.05,-3.06,10.78
79063,-8.37,-3.86,10.97
79086,-9.13,-6.76,11.80
79110,-9.15,-7.38,11.92
79133,-8.80,-9.65,12.07
79157,-8.62,-10.08,11.99
79180,-7.34,-10.67,11.13
79204,-6.96,-10.59,10.87
79227,-4.87,-9.56,9.67
79251,-4.39,-9.19,9.41
79275,-3.80,-8.85,9.18
79298,-0.93,-6.75,8.52
79322,-0.17,-6.20,8.45
79345,3.00,-3.43,8.89
79369,3.73,-2.71,9.11
79392,6.22,-0.08,10.26
79416,6.80,0.55,10.55
79439,8.35,2.91,11.76
79463,8.59,3.48,12.04
79486,9.26,5.66,12.80
79510,9.31,5.98,12.79
79533,8.87,7.42,12.39
79557,8.67,7.67,12.22
79580,6.97,8.01,11.46
79604,6.46,7.94,11.30
79627,3.28,6.89,11.11
79651,2.37,6.62,11.15
79675,-1.38,4.67,11.12
79698,-2.16,3.97,11.03
79722,-5.07,1.00,10.59
79745,-5.62,0.34,10.58
79769,-7.82,-2.92,10.77
79792,-8.21,-3.59,10.89
79816,-9.07,-6.59,11.74
79839,-9.11,-7.11,11.87
79863,-8.90,-9.36,12.08
79886,-8.74,-9.93,12.02
79910,-7.39,-10.64,11.14
79933,-6.96,-10.52,10.80
79957,-4.66,-9.35,9.50
79980,-4.01,-9.01,9.23
80004,-1.14,-6.96,8.56
80027,-0.49,-6.44,8.51
80051,2.62,-3.72,8.80
80075,3.22,-3.18,8.96
80098,3.79,-2.74,9.12
80122,6.16,-0.18,10.27
80145,6.59,0.35,10.46
80169,8.21,2.64,11.64
80192,8.46,3.17,11.92
80216,9.27,5.26,12.72
80239,9.32,5.70,12.80
80263,9.09,7.22,12.55
80286,8.90,7.46,12.38
80310,7.36,7.97,11.54
80333,6.82,7.91,11.43
80357,6.12,7.97,11.27
80380,2.81,6.79,11.14
80404,1.86,6.25,11.18
80427,-1.96,4.21,11.06
80451,-2.76,3.48,10.91
80475,-5.62,0.25,10.57
80498,-6.19,-0.42,10.51
80522,-8.23,-3.72,10.91
80545,-8.54,-4.26,11.10
80569,-9.13,-7.20,11.87
80592,-9.20,-7.79,11.96
80616,-8.74,-9.85,12.00
80639,-8.52,-10.23,11.87
80663,-7.03,-10.57,10.86
80686,-6.58,-10.37,10.49
80710,-4.10,-8.99,9.24
80733,-3.46,-8.61,9.03
80757,-0.56,-6.45,8.50
80780,0.14,-5.87,8.47
80804,3.23,-3.16,8.95
80827,3.95,-2.46,9.19
80851,6.39,0.09,10.37
80874,6.89,0.72,10.67
80898,8.43,3.15,11.86
80921,8.71,3.73,12.13
80945,9.34,5.79,12.81
80968,9.38,6.31,12.81
80992,8.74,7.55,12.30
81015,8.45,7.79,12.06
81039,6.33,7.82,11.32
81062,5.58,7.71,11.16
81086,2.05,6.34,11.18
81109,1.04,5.84,11.20
81133,-2.71,3.56,10.98
81157,-3.51,2.77,10.81
81180,-6.25,-0.56,10.51
81204,-6.84,-1.33,10.57
81227,-8.65,-4.64,11.12
81251,-8.94,-5.21,11.37
81275,-9.15,-6.15,11.60
81298,-9.06,-8.96,12.05
81322,-8.95,-9.61,11.99
81345,-7.66,-10.55,11.32
81369,-7.13,-10.56,10.96
81392,-4.70,-9.44,9.60
81416,-3.88,-8.92,9.23
81439,-0.78,-6.65,8.53
81463,0.17,-5.92,8.58
81486,3.49,-2.97,9.04
81510,4.29,-2.20,9.31
81533,6.75,0.50,10.54
81557,7.32,1.18,10.87
81580,8.67,3.63,12.12
81604,8.88,4.19,12.37
81627,9.38,6.21,12.79
81651,9.33,6.63,12.77
81674,8.44,7.75,12.04
81698,8.08,7.91,11.79
81721,5.55,7.67,11.17
81745,4.75,7.44,11.15
81768,1.00,5.61,11.21
81792,-0.30,5.18,11.19
81815,-1.47,4.29,11.10
81839,-4.95,1.19,10.63
81862,-5.79,0.04,10.52
81886,-8.20,-3.38,10.81
81909,-8.64,-4.34,11.04
81933,-9.22,-7.37,11.82
81957,-9.21,-8.06,11.96
81980,-8.64,-10.05,11.93
82004,-8.37,-10.34,11.71
82027,-6.76,-10.44,10.62
82051,-6.11,-10.18,10.25
82075,-5.43,-9.81,9.87
82098,-2.55,-8.02,8.80
82122,-1.61,-7.24,8.68
82145,1.81,-4.47,8.67
82169,2.85,-3.55,8.88
82192,5.79,-0.56,10.01
82216,6.60,0.29,10.44
82239,8.42,2.90,11.75
82263,8.78,3.85,12.16
82286,9.34,6.13,12.82
82310,9.28,6.76,12.72
82333,8.03,7.83,11.84
82357,7.17,7.89,11.54
82380,3.69,7.04,11.15
82404,2.20,6.45,11.22
82427,-2.07,3.96,11.09
82451,-3.40,2.87,10.85
82474,-6.53,-0.84,10.48
82498,-7.51,-2.27,10.62
82521,-9.11,-5.79,11.41
82545,-9.22,-7.06,11.71
82568,-8.77,-9.69,11.87
82592,-8.23,-10.31,11.65
82615,-6.11,-10.35,10.40
82639,-5.02,-9.77,9.86
82663,-1.63,-7.43,8.75
82686,-0.27,-6.37,8.65
82710,3.44,-3.15,9.07
82733,4.66,-1.92,9.48
82757,7.31,1.13,10.86
82780,7.99,2.15,11.34
82804,9.10,4.73,12.48
82827,9.30,5.57,12.70
82851,8.99,7.34,12.41
82874,8.55,7.66,12.17
82898,6.26,7.85,11.31
82921,5.12,7.58,11.16
82945,1.10,5.88,11.19
82968,-0.27,5.16,11.19
82992,-4.01,2.17,10.75
83015,-5.02,1.15,10.65
83039,-7.57,-2.55,10.69
83062,-8.06,-3.44,10.88
83086,-9.12,-6.54,11.70
83109,-9.18,-7.49,11.88
83133,-8.79,-9.89,11.90
83156,-8.48,-10.27,11.75
83180,-8.15,-10.41,11.54
83203,-6.41,-10.19,10.35
83227,-5.71,-9.93,9.98
83250,-2.81,-8.07,8.80
83274,-1.86,-7.32,8.60
83298,-0.90,-6.65,8.45
83321,2.47,-3.77,8.77
83345,3.52,-2.80,9.10
83368,6.27,0.10,10.38
83392,7.05,0.92,10.77
83415,8.67,3.57,12.08
83439,9.06,4.61,12.45
83463,9.40,6.59,12.74
83486,9.16,7.12,12.51
83510,7.45,7.90,11.56
83533,6.40,7.81,11.30
83557,2.52,6.49,11.19
83580,0.98,5.71,11.23
83604,-3.19,2.96,10.93
83627,-4.30,1.72,10.74
83651,-7.16,-1.96,10.64
83674,-7.93,-3.07,10.86
83698,-9.08,-6.38,11.68
83721,-9.13,-7.47,11.86
83745,-8.75,-9.83,11.93
83768,-8.40,-10.27,11.69
83792,-6.70,-10.34,10.52
83815,-5.92,-10.00,10.07
83839,-2.99,-8.15,8.86
83862,-1.96,-7.38,8.60
83886,1.53,-4.67,8.63
83909,2.62,-3.73,8.87
83933,5.58,-0.71,10.03
83957,6.35,0.18,10.43
83980,7.05,0.95,10.84
84004,8.60,3.51,12.11
84027,9.00,4.38,12.45
84051,9.41,6.44,12.76
84074,9.27,6.87,12.61
84098,7.77,7.88,11.66
84121,6.83,7.77,11.36
84145,3.08,6.62,11.13
84168,1.48,5.77,11.20
84192,-3.03,3.09,10.96
84216,-4.53,1.62,10.76
84239,-7.67,-2.64,10.69
84263,-8.56,-4.22,11.00
84286,-9.15,-7.96,11.82
84310,-8.90,-9.26,11.86
84333,-7.21,-10.48,10.99
84357,-5.80,-10.05,10.26
84381,-4.09,-9.22,9.57
84404,0.06,-6.31,8.70
84428,2.28,-4.16,8.91
84451,6.11,-0.36,10.23
84475,7.46,1.11,10.92
84498,9.06,4.39,12.34
84522,9.35,5.70,12.70
84545,8.55,7.39,12.15
84569,7.37,7.74,11.65
84592,3.15,6.71,11.15
84616,0.54,5.56,11.26
84639,-4.32,2.00,10.80
84663,-6.06,-0.16,10.56
84686,-8.75,-4.34,11.02
84710,-9.15,-6.23,11.47
84733,-8.88,-9.44,11.84
84757,-8.21,-10.23,11.60
84781,-7.27,-10.47,11.10
84804,-4.26,-9.24,9.57
84828,-2.66,-8.17,9.04
84851,1.34,-5.08,8.72
84875,3.06,-3.45,9.03
84898,4.32,-2.11,9.49
84922,6.87,1.13,10.79
84945,7.42,2.09,11.31
84969,9.61,4.68,12.43
84992,9.56,5.53,12.65
85016,9.17,7.25,12.31
85039,8.61,7.38,12.05
85063,6.16,7.39,11.25
85087,4.95,7.82,11.18
85110,1.45,6.31,11.24
85134,0.52,5.28,11.21
85157,-3.33,2.68,10.93
85181,-4.24,1.97,10.80
85204,-6.88,-1.43,10.60
85228,-7.53,-2.56,10.69
85251,-9.00,-5.77,11.42
85275,-9.12,-6.75,11.71
85298,-9.00,-9.42,12.00
85322,-8.87,-9.83,11.96
85345,-7.86,-10.79,11.30
85369,-7.87,-11.15,10.97
85392,-5.86,-10.77,9.85
85416,-5.83,-10.87,9.81
85439,-3.51,-10.72,9.15
85463,-3.10,-11.70,9.32
85486,0.29,-11.20,9.25
85510,-1.00,-12.23,9.56
85533,-0.31,-12.02,9.33
85557,-3.76,-12.92,9.82
85581,-7.82,-12.26,10.51
